Player,Team,Nation,Pos,Age,MP,Starts,Min,90s,Gls,Ast,G-PK,PK,PKatt,CrdY,CrdR,Gls,Ast,G+A,G-PK,G+A-PK,xG,npxG,xA,npxG+xA,xG,xA,xG+xA,npxG,npxG+xA
Armando Broja,Southampton,al_ALB,FW,19,32,21,1975.00,21.9,6,0,6,0,0,2,0,0.27,0,0.27,0.27,0.27,7,7,1.3,8.4,0.32,0.06,0.38,0.32,0.38
Hélder Costa,Leeds United,ao_ANG,MF,27,1,0,22.00,0.2,0,0,0,0,0,0,0,0,0,0,0,0,0,0,0,0,0.11,0,0.11,0.11,0.11
Emiliano Martínez,Aston Villa,ar_ARG,GK,28,36,36,3240.00,36,0,0,0,0,0,4,0,0,0,0,0,0,0,0,0,0,0,0,0,0,0
Emi Buendía,Aston Villa,ar_ARG,"FW,MF",24,35,22,1899.00,21.1,4,6,4,0,0,1,0,0.19,0.28,0.47,0.19,0.47,3.1,3.1,5.5,8.6,0.14,0.26,0.41,0.14,0.41
Alexis Mac Allister,Brighton & Hove Albion,ar_ARG,"MF,FW",22,33,22,2123.00,23.6,5,2,3,2,3,4,0,0.21,0.08,0.3,0.13,0.21,6.5,4.2,1.5,5.7,0.28,0.06,0.34,0.18,0.24
Federico Fernández,Newcastle United,ar_ARG,DF,32,7,5,523.00,5.8,0,0,0,0,0,0,0,0,0,0,0,0,0.4,0.4,0.3,0.8,0.07,0.06,0.13,0.07,0.13
Willy Caballero,Southampton,ar_ARG,GK,39,2,2,180.00,2,0,0,0,0,0,1,0,0,0,0,0,0,0,0,0,0,0,0,0,0,0
Cristian Romero,Tottenham Hotspur,ar_ARG,DF,23,22,21,1844.00,20.5,1,0,1,0,0,8,0,0.05,0,0.05,0.05,0.05,0.7,0.7,0.5,1.1,0.03,0.02,0.05,0.03,0.05
Giovani Lo Celso,Tottenham Hotspur,ar_ARG,"MF,FW",25,9,2,238.00,2.6,0,0,0,0,0,0,0,0,0,0,0,0,0.7,0.7,0.6,1.4,0.28,0.24,0.52,0.28,0.52
Manuel Lanzini,West Ham United,ar_ARG,"MF,FW",28,30,19,1786.00,19.8,5,3,2,3,3,2,0,0.25,0.15,0.4,0.1,0.25,3.4,1.1,2.2,3.3,0.17,0.11,0.28,0.06,0.17
Daniel Bachmann,Watford,at_AUT,GK,27,12,12,1080.00,12,0,0,0,0,0,0,0,0,0,0,0,0,0,0,0,0,0,0,0,0,0
Sead Kolašinac,Arsenal,ba_BIH,DF,28,2,1,91.00,1,0,0,0,0,0,1,0,0,0,0,0,0,0,0,0,0,0,0,0,0,0
Asmir Begovi?,Everton,ba_BIH,GK,34,3,3,270.00,3,0,0,0,0,0,0,0,0,0,0,0,0,0,0,0,0,0,0,0,0,0
Albert Sambi Lokonga,Arsenal,be_BEL,MF,21,19,12,1134.00,12.6,0,0,0,0,0,5,0,0,0,0,0,0,0.6,0.6,0.8,1.4,0.05,0.06,0.11,0.05,0.11
Leandro Trossard,Brighton & Hove Albion,be_BEL,"FW,MF",26,34,32,2805.00,31.2,8,3,7,1,1,2,0,0.26,0.1,0.35,0.22,0.32,6.8,6,4.1,10.1,0.22,0.13,0.35,0.19,0.32
Romelu Lukaku,Chelsea,be_BEL,FW,28,26,16,1589.00,17.7,8,0,7,1,1,1,0,0.45,0,0.45,0.4,0.4,6.8,6.1,3,9,0.39,0.17,0.55,0.34,0.51
Christian Benteke,Crystal Palace,be_BEL,FW,30,25,11,1145.00,12.7,4,1,4,0,0,3,0,0.31,0.08,0.39,0.31,0.39,5.4,5.4,1.1,6.5,0.42,0.09,0.51,0.42,0.51
Youri Tielemans,Leicester City,be_BEL,MF,24,32,29,2631.00,29.2,6,4,4,2,2,3,0,0.21,0.14,0.34,0.14,0.27,4.6,3.1,4.9,7.9,0.16,0.17,0.32,0.11,0.27
Timothy Castagne,Leicester City,be_BEL,DF,25,27,22,2127.00,23.6,1,0,1,0,0,1,0,0.04,0,0.04,0.04,0.04,0.8,0.8,1.3,2.1,0.03,0.05,0.09,0.03,0.09
Dennis Praet,Leicester City,be_BEL,MF,27,0,0,,,,,,,,,,,,,,,,,,,,,,,
Divock Origi,Liverpool,be_BEL,FW,26,7,0,133.00,1.5,3,0,3,0,0,0,0,2.03,0,2.03,2.03,2.03,1.6,1.6,0,1.6,1.08,0,1.08,1.08,1.08
Kevin De Bruyne,Manchester City,be_BEL,MF,30,30,25,2201.00,24.5,15,8,15,0,0,2,0,0.61,0.33,0.94,0.61,0.94,6.4,6.4,9.5,15.9,0.26,0.39,0.65,0.26,0.65
Roméo Lavia,Manchester City,be_BEL,MF,17,0,0,,,,,,,,,,,,,,,,,,,,,,,
Christian Kabasele,Watford,be_BEL,DF,30,16,12,1193.00,13.3,0,0,0,0,0,0,0,0,0,0,0,0,0.7,0.7,0,0.8,0.05,0,0.06,0.05,0.06
Leander Dendoncker,Wolverhampton Wanderers,be_BEL,MF,26,30,21,1950.00,21.7,2,2,2,0,0,4,0,0.09,0.09,0.18,0.09,0.18,2.6,2.6,0.9,3.5,0.12,0.04,0.16,0.12,0.16
Bertrand Traoré,Aston Villa,bf_BFA,"MF,FW",25,9,1,220.00,2.4,0,0,0,0,0,0,0,0,0,0,0,0,0.3,0.3,0,0.3,0.13,0,0.13,0.13,0.13
Gabriel Dos Santos,Arsenal,br_BRA,DF,23,35,35,3063.00,34,5,0,5,0,0,8,1,0.15,0,0.15,0.15,0.15,2.7,2.7,0.8,3.5,0.08,0.02,0.1,0.08,0.1
Martinelli,Arsenal,br_BRA,"FW,MF",20,29,21,1860.00,20.7,6,6,5,1,1,3,1,0.29,0.29,0.58,0.24,0.53,7.2,6.5,3.3,9.8,0.35,0.16,0.51,0.31,0.47
Douglas Luiz,Aston Villa,br_BRA,MF,23,34,31,2715.00,30.2,2,3,2,0,0,7,0,0.07,0.1,0.17,0.07,0.17,2,2,2.5,4.5,0.07,0.08,0.15,0.07,0.15
Philippe Coutinho,Aston Villa,br_BRA,"MF,FW",29,19,16,1329.00,14.8,5,3,5,0,0,0,0,0.34,0.2,0.54,0.34,0.54,3.7,3.7,3.2,6.9,0.25,0.22,0.47,0.25,0.47
Wesley Moraes,Aston Villa,br_BRA,FW,24,1,0,1.00,0,0,0,0,0,0,0,0,0,0,0,0,0,0,0,0,0,0,0,0,0,0
Thiago Silva,Chelsea,br_BRA,DF,36,32,28,2650.00,29.4,3,0,3,0,0,2,0,0.1,0,0.1,0.1,0.1,0.9,0.9,0.2,1.1,0.03,0.01,0.04,0.03,0.04
Kenedy,Chelsea,br_BRA,DF,25,1,1,58.00,0.6,0,1,0,0,0,0,0,0,1.55,1.55,0,1.55,0.1,0.1,0.9,1,0.13,1.35,1.48,0.13,1.48
Richarlison,Everton,br_BRA,"FW,MF",24,30,28,2523.00,28,10,5,7,3,3,9,0,0.36,0.18,0.54,0.25,0.43,10.2,7.9,2.4,10.3,0.36,0.09,0.45,0.28,0.37
Allan,Everton,br_BRA,MF,30,28,25,2183.00,24.3,0,2,0,0,0,7,1,0,0.08,0.08,0,0.08,0.2,0.2,0.9,1.1,0.01,0.04,0.04,0.01,0.04
Raphael Dias Belloli,Leeds United,br_BRA,"FW,MF",24,35,34,2915.00,32.4,11,3,7,4,4,7,0,0.34,0.09,0.43,0.22,0.31,11.2,8.2,6.8,15,0.35,0.21,0.56,0.25,0.46
Alisson,Liverpool,br_BRA,GK,28,36,36,3240.00,36,0,1,0,0,0,0,0,0,0.03,0.03,0,0.03,0,0,0.4,0.4,0,0.01,0.01,0,0.01
Fabinho,Liverpool,br_BRA,MF,27,29,26,2314.00,25.7,5,1,3,2,2,7,0,0.19,0.04,0.23,0.12,0.16,3.4,1.9,1.4,3.3,0.13,0.05,0.19,0.07,0.13
Roberto Firmino,Liverpool,br_BRA,FW,29,20,10,990.00,11,5,4,5,0,0,3,0,0.45,0.36,0.82,0.45,0.82,5,5,2.4,7.4,0.46,0.22,0.67,0.46,0.67
Marcelo Pitaluga,Liverpool,br_BRA,GK,18,0,0,,,,,,,,,,,,,,,,,,,,,,,
Ederson,Manchester City,br_BRA,GK,27,37,37,3330.00,37,0,0,0,0,0,3,0,0,0,0,0,0,0,0,0.1,0.1,0,0,0,0,0
Gabriel Jesus,Manchester City,br_BRA,FW,24,28,21,1877.00,20.9,8,8,7,1,1,1,0,0.38,0.38,0.77,0.34,0.72,10.1,9.4,5.4,14.7,0.49,0.26,0.74,0.45,0.71
Fernandinho,Manchester City,br_BRA,"MF,DF",36,19,10,964.00,10.7,2,1,2,0,0,1,0,0.19,0.09,0.28,0.19,0.28,1.6,1.6,0.9,2.5,0.15,0.08,0.24,0.15,0.24
Kayky Chagas,Manchester City,br_BRA,FW,18,1,0,7.00,0.1,0,0,0,0,0,0,0,0,0,0,0,0,0,0,0,0,0,0,0,0,0
Fred,Manchester United,br_BRA,MF,28,28,24,2028.00,22.5,4,4,4,0,0,5,0,0.18,0.18,0.36,0.18,0.36,1.5,1.5,2,3.4,0.07,0.09,0.15,0.07,0.15
Alex Telles,Manchester United,br_BRA,DF,28,21,18,1660.00,18.4,0,4,0,0,0,1,0,0,0.22,0.22,0,0.22,0.5,0.5,2,2.4,0.03,0.11,0.13,0.03,0.13
Andreas Pereira,Manchester United,br_BRA,MF,25,0,0,,,,,,,,,,,,,,,,,,,,,,,
Joelinton,Newcastle United,br_BRA,"MF,FW",24,35,30,2558.00,28.4,4,1,4,0,0,8,0,0.14,0.04,0.18,0.14,0.18,4.1,4.1,1.8,6,0.15,0.06,0.21,0.15,0.21
Bruno Guimarães,Newcastle United,br_BRA,MF,23,17,11,1034.00,11.5,5,1,5,0,0,4,0,0.44,0.09,0.52,0.44,0.52,2.9,2.9,1.8,4.7,0.25,0.16,0.41,0.25,0.41
Lyanco,Southampton,br_BRA,DF,24,15,9,911.00,10.1,0,0,0,0,0,2,0,0,0,0,0,0,0.2,0.2,0.1,0.4,0.02,0.01,0.04,0.02,0.04
Emerson,Tottenham Hotspur,br_BRA,DF,22,31,26,2286.00,25.4,1,1,1,0,0,5,0,0.04,0.04,0.08,0.04,0.08,1.5,1.5,2.1,3.6,0.06,0.08,0.14,0.06,0.14
Lucas Moura,Tottenham Hotspur,br_BRA,"FW,MF",28,34,19,1775.00,19.7,2,6,2,0,0,4,0,0.1,0.3,0.41,0.1,0.41,3.7,3.7,4.4,8.1,0.19,0.23,0.41,0.19,0.41
Samir Santos,Watford,br_BRA,DF,26,19,19,1673.00,18.6,0,0,0,0,0,4,0,0,0,0,0,0,0.3,0.3,0.1,0.5,0.02,0.01,0.02,0.02,0.02
João Pedro,Watford,br_BRA,"FW,MF",19,28,15,1644.00,18.3,3,1,3,0,0,1,0,0.16,0.05,0.22,0.16,0.22,4.2,4.2,2.6,6.8,0.23,0.14,0.37,0.23,0.37
Fernando Marçal,Wolverhampton Wanderers,br_BRA,DF,32,18,17,1449.00,16.1,0,0,0,0,0,3,0,0,0,0,0,0,0.5,0.5,0.7,1.2,0.03,0.04,0.08,0.03,0.08
Yoane Wissa,Brentford,cd_COD,"FW,MF",24,30,12,1284.00,14.3,7,1,7,0,0,0,0,0.49,0.07,0.56,0.49,0.56,3.7,3.7,0.7,4.4,0.26,0.05,0.31,0.26,0.31
Edo Kayembe,Watford,cd_COD,MF,22,13,9,799.00,8.9,0,0,0,0,0,0,0,0,0,0,0,0,0.2,0.2,0.3,0.5,0.02,0.03,0.06,0.02,0.06
Arthur Masuaku,West Ham United,cd_COD,"DF,FW",27,13,6,650.00,7.2,1,1,1,0,0,1,0,0.14,0.14,0.28,0.14,0.28,0.1,0.1,0.9,1,0.01,0.12,0.14,0.01,0.14
Granit Xhaka,Arsenal,ch_SUI,"MF,DF",28,27,27,2327.00,25.9,1,2,1,0,0,10,1,0.04,0.08,0.12,0.04,0.12,1.2,1.2,2.3,3.5,0.05,0.09,0.14,0.05,0.14
Andi Zeqiri,Brighton & Hove Albion,ch_SUI,FW,22,0,0,,,,,,,,,,,,,,,,,,,,,,,
Eldin Jakupovi?,Leicester City,ch_SUI,GK,36,0,0,,,,,,,,,,,,,,,,,,,,,,,
Fabian Schär,Newcastle United,ch_SUI,DF,29,25,25,2158.00,24,2,2,2,0,0,4,0,0.08,0.08,0.17,0.08,0.17,1.3,1.3,0.6,2,0.06,0.03,0.08,0.06,0.08
Christian Marques,Wolverhampton Wanderers,ch_SUI,DF,18,0,0,,,,,,,,,,,,,,,,,,,,,,,
Nicolas Pépé,Arsenal,ci_CIV,"FW,MF",26,20,5,696.00,7.7,1,2,1,0,0,0,0,0.13,0.26,0.39,0.13,0.39,2.9,2.9,1.7,4.6,0.38,0.22,0.6,0.38,0.6
Maxwel Cornet,Burnley,ci_CIV,"FW,MF",24,26,21,1766.00,19.6,9,1,9,0,1,2,0,0.46,0.05,0.51,0.46,0.51,6.7,5.9,1.5,7.4,0.34,0.07,0.42,0.3,0.38
Wilfried Zaha,Crystal Palace,ci_CIV,FW,28,33,31,2760.00,30.7,14,1,9,5,7,6,1,0.46,0.03,0.49,0.29,0.33,9.4,4,4.8,8.8,0.31,0.16,0.46,0.13,0.29
Jean-Philippe Gbamin,Everton,ci_CIV,MF,25,3,1,67.00,0.7,0,0,0,0,0,0,0,0,0,0,0,0,0,0,0,0,0,0,0,0,0
Eric Bailly,Manchester United,ci_CIV,DF,27,4,3,217.00,2.4,0,0,0,0,0,1,0,0,0,0,0,0,0,0,0,0,0,0,0,0,0
Amad Diallo,Manchester United,ci_CIV,FW,19,0,0,,,,,,,,,,,,,,,,,,,,,,,
Hassane Kamara,Watford,ci_CIV,DF,27,19,18,1623.00,18,1,0,1,0,0,5,1,0.06,0,0.06,0.06,0.06,0.2,0.2,0.4,0.6,0.01,0.02,0.03,0.01,0.03
Willy Boly,Wolverhampton Wanderers,ci_CIV,DF,30,10,10,900.00,10,0,0,0,0,0,1,0,0,0,0,0,0,0.2,0.2,0.1,0.3,0.02,0.01,0.03,0.02,0.03
Francisco Sierralta,Watford,cl_CHI,DF,24,5,5,427.00,4.7,0,0,0,0,0,0,0,0,0,0,0,0,0,0,0,0,0.01,0,0.01,0.01,0.01
Joël Matip,Liverpool,cm_CMR,DF,29,31,31,2790.00,31,3,3,3,0,0,2,0,0.1,0.1,0.19,0.1,0.19,3.1,3.1,1.2,4.3,0.1,0.04,0.14,0.1,0.14
Nicolas Nkoulou,Watford,cm_CMR,DF,31,3,2,168.00,1.9,0,0,0,0,0,0,0,0,0,0,0,0,0,0,0,0,0,0.01,0.01,0,0.01
Steven Alzate,Brighton & Hove Albion,co_COL,MF,22,9,5,404.00,4.5,0,0,0,0,0,0,0,0,0,0,0,0,0.1,0.1,0.2,0.3,0.02,0.04,0.06,0.02,0.06
Yerry Mina,Everton,co_COL,DF,26,13,11,846.00,9.4,0,0,0,0,0,3,0,0,0,0,0,0,0.3,0.3,0,0.3,0.03,0,0.03,0.03,0.03
Luis Díaz,Liverpool,co_COL,FW,24,13,11,958.00,10.6,4,3,4,0,0,0,0,0.38,0.28,0.66,0.38,0.66,4.5,4.5,1.8,6.3,0.42,0.17,0.59,0.42,0.59
Davinson Sánchez,Tottenham Hotspur,co_COL,DF,25,23,17,1631.00,18.1,2,0,2,0,0,4,0,0.11,0,0.11,0.11,0.11,2.1,2.1,0.4,2.5,0.11,0.02,0.14,0.11,0.14
Cucho,Watford,co_COL,"FW,MF",22,25,11,1147.00,12.7,5,2,5,0,0,3,0,0.39,0.16,0.55,0.39,0.55,2.5,2.5,1.9,4.4,0.2,0.15,0.35,0.2,0.35
Yerson Mosquera,Wolverhampton Wanderers,co_COL,DF,20,0,0,,,,,,,,,,,,,,,,,,,,,,,
Mat?j Vydra,Burnley,cz_CZE,FW,29,22,5,679.00,7.5,2,3,2,0,0,1,0,0.27,0.4,0.66,0.27,0.66,3,3,0.6,3.6,0.4,0.08,0.48,0.4,0.48
Tomáš Sou?ek,West Ham United,cz_CZE,MF,26,35,34,3062.00,34,5,1,5,0,0,3,0,0.15,0.03,0.18,0.15,0.18,4.8,4.4,1.5,5.9,0.14,0.05,0.19,0.13,0.17
Vladimír Coufal,West Ham United,cz_CZE,DF,28,28,25,2209.00,24.5,0,4,0,0,0,5,1,0,0.16,0.16,0,0.16,0.6,0.6,2.4,3,0.02,0.1,0.12,0.02,0.12
Alex Král,West Ham United,cz_CZE,MF,23,1,0,1.00,0,0,0,0,0,0,0,0,0,0,0,0,0,0,0,0,0,0,0,0,0,0
Bernd Leno,Arsenal,de_GER,GK,29,4,4,360.00,4,0,0,0,0,0,0,0,0,0,0,0,0,0,0,0,0,0,0,0,0,0
Vitaly Janelt,Brentford,de_GER,MF,23,31,27,2298.00,25.5,4,0,4,0,0,3,0,0.16,0,0.16,0.16,0.16,2.6,2.6,2.2,4.8,0.1,0.09,0.19,0.1,0.19
Pascal Groß,Brighton & Hove Albion,de_GER,"MF,DF",30,29,24,2038.00,22.6,2,4,2,0,1,1,0,0.09,0.18,0.26,0.09,0.26,2.9,2.2,5.3,7.5,0.13,0.24,0.36,0.1,0.33
Antonio Rüdiger,Chelsea,de_GER,DF,28,34,34,3035.00,33.7,3,0,3,0,0,9,0,0.09,0,0.09,0.09,0.09,2.8,2.8,1.1,3.9,0.08,0.03,0.12,0.08,0.12
Kai Havertz,Chelsea,de_GER,"FW,MF",22,29,22,1809.00,20.1,8,3,8,0,0,3,0,0.4,0.15,0.55,0.4,0.55,9.7,9.7,2,11.6,0.48,0.1,0.58,0.48,0.58
Timo Werner,Chelsea,de_GER,"FW,MF",25,21,15,1283.00,14.3,4,1,4,0,0,1,0,0.28,0.07,0.35,0.28,0.35,7.6,7.6,0.4,8,0.53,0.03,0.56,0.53,0.56
Robin Koch,Leeds United,de_GER,"MF,DF",25,20,17,1574.00,17.5,0,0,0,0,0,3,0,0,0,0,0,0,0.7,0.7,0.5,1.3,0.04,0.03,0.07,0.04,0.07
?lkay Gündo?an,Manchester City,de_GER,MF,30,27,20,1857.00,20.6,8,4,8,0,0,1,0,0.39,0.19,0.58,0.39,0.58,8.6,8.6,4.2,12.8,0.42,0.2,0.62,0.42,0.62
Lukas Rupp,Norwich City,de_GER,MF,30,19,7,769.00,8.5,0,0,0,0,0,0,0,0,0,0,0,0,0.7,0.7,1.2,1.9,0.08,0.14,0.22,0.08,0.22
Christoph Zimmermann,Norwich City,de_GER,DF,28,3,2,157.00,1.7,0,0,0,0,0,0,0,0,0,0,0,0,0.1,0.1,0,0.1,0.04,0,0.04,0.04,0.04
Mika Biereth,Arsenal,dk_DEN,FW,18,0,0,,,,,,,,,,,,,,,,,,,,,,,
Christian Nørgaard,Brentford,dk_DEN,MF,27,35,35,3054.00,33.9,3,4,3,0,0,8,0,0.09,0.12,0.21,0.09,0.21,3.2,3.2,3.1,6.3,0.09,0.09,0.19,0.09,0.19
Mathias Jensen,Brentford,dk_DEN,MF,25,31,19,1601.00,17.8,0,1,0,0,0,0,0,0,0.06,0.06,0,0.06,2.5,2.5,3.6,6.1,0.14,0.2,0.34,0.14,0.34
Mads Roerslev,Brentford,dk_DEN,DF,22,21,12,1240.00,13.8,1,1,1,0,0,1,0,0.07,0.07,0.15,0.07,0.15,0.3,0.3,0.9,1.2,0.02,0.06,0.08,0.02,0.08
Christian Eriksen,Brentford,dk_DEN,MF,29,11,10,939.00,10.4,1,4,1,0,0,1,0,0.1,0.38,0.48,0.1,0.48,1.4,1.4,3.6,5,0.14,0.34,0.48,0.14,0.48
Mads Bech Sørensen,Brentford,dk_DEN,DF,22,11,9,835.00,9.3,0,0,0,0,0,3,0,0,0,0,0,0,0.1,0.1,0.4,0.5,0.01,0.04,0.05,0.01,0.05
Mathias Jørgensen,Brentford,dk_DEN,DF,31,8,6,518.00,5.8,1,0,1,0,0,2,0,0.17,0,0.17,0.17,0.17,0.1,0.1,0.1,0.2,0.02,0.02,0.03,0.02,0.03
Jonas Lössl,Brentford,dk_DEN,GK,32,2,2,180.00,2,0,0,0,0,0,0,0,0,0,0,0,0,0,0,0,0,0,0,0,0,0
Mads Bidstrup,Brentford,dk_DEN,MF,20,4,0,41.00,0.5,0,0,0,0,0,0,0,0,0,0,0,0,0,0,0,0,0,0,0,0,0
Andreas Christensen,Chelsea,dk_DEN,DF,25,19,17,1496.00,16.6,0,0,0,0,0,2,0,0,0,0,0,0,0.4,0.4,0.2,0.7,0.03,0.01,0.04,0.03,0.04
Joachim Andersen,Crystal Palace,dk_DEN,DF,25,34,32,2916.00,32.4,0,3,0,0,0,4,0,0,0.09,0.09,0,0.09,0.6,0.6,2,2.6,0.02,0.06,0.08,0.02,0.08
Kasper Schmeichel,Leicester City,dk_DEN,GK,34,37,37,3330.00,37,0,0,0,0,0,2,0,0,0,0,0,0,0,0,0,0,0,0,0,0,0
Jannik Vestergaard,Leicester City,dk_DEN,DF,28,10,6,567.00,6.3,0,0,0,0,0,2,0,0,0,0,0,0,0.1,0.1,0,0.1,0.01,0.01,0.01,0.01,0.01
Jakob Sørensen,Norwich City,dk_DEN,"MF,DF",23,10,6,604.00,6.7,0,0,0,0,0,0,0,0,0,0,0,0,0.4,0.4,0,0.4,0.06,0,0.06,0.06,0.06
Pierre Højbjerg,Tottenham Hotspur,dk_DEN,MF,25,36,36,3196.00,35.5,2,2,2,0,0,3,0,0.06,0.06,0.11,0.06,0.11,2,2,2.5,4.5,0.06,0.07,0.13,0.06,0.13
Riyad Mahrez,Manchester City,dz_ALG,FW,30,28,15,1498.00,16.6,11,5,7,4,5,0,0,0.66,0.3,0.96,0.42,0.72,10.1,6.3,3.7,10,0.61,0.22,0.83,0.38,0.6
Saïd Benrahma,West Ham United,dz_ALG,"FW,MF",25,32,26,2168.00,24.1,8,6,8,0,0,0,0,0.33,0.25,0.58,0.33,0.58,5.1,5.1,3.2,8.3,0.21,0.13,0.35,0.21,0.35
Moisés Caicedo,Brighton & Hove Albion,ec_ECU,MF,19,8,8,660.00,7.3,1,1,1,0,0,2,0,0.14,0.14,0.27,0.14,0.27,0.8,0.8,0.4,1.1,0.1,0.05,0.16,0.1,0.16
Jeremy Sarmiento,Brighton & Hove Albion,ec_ECU,"FW,MF",19,5,1,48.00,0.5,0,0,0,0,0,0,0,0,0,0,0,0,0,0,0,0,0,0,0,0,0
Karl Jakob Hein,Arsenal,ee_EST,GK,19,0,0,,,,,,,,,,,,,,,,,,,,,,,
Mohamed Elneny,Arsenal,eg_EGY,MF,29,14,8,806.00,9,0,2,0,0,0,1,0,0,0.22,0.22,0,0.22,0.2,0.2,0.6,0.7,0.02,0.06,0.08,0.02,0.08
Trézéguet,Aston Villa,eg_EGY,FW,26,1,0,11.00,0.1,0,0,0,0,0,0,0,0,0,0,0,0,0.1,0.1,0,0.1,0.51,0,0.51,0.51,0.51
Mohamed Salah,Liverpool,eg_EGY,FW,29,35,30,2762.00,30.7,23,13,18,5,6,1,0,0.75,0.42,1.17,0.59,1.01,21.8,17,10.4,27.4,0.71,0.34,1.05,0.55,0.89
Aaron Ramsdale,Arsenal,eng_ENG,GK,23,34,34,3060.00,34,0,0,0,0,0,1,0,0,0,0,0,0,0,0,0,0,0,0,0,0,0
Ben White,Arsenal,eng_ENG,DF,23,32,32,2880.00,32,0,0,0,0,0,3,0,0,0,0,0,0,1,1,0.6,1.6,0.03,0.02,0.05,0.03,0.05
Emile Smith Rowe,Arsenal,eng_ENG,"MF,FW",21,33,21,1921.00,21.3,10,2,10,0,0,1,0,0.47,0.09,0.56,0.47,0.56,5.8,5.8,2.2,8,0.27,0.1,0.37,0.27,0.37
Rob Holding,Arsenal,eng_ENG,DF,25,15,9,845.00,9.4,1,0,1,0,0,4,1,0.11,0,0.11,0.11,0.11,0.3,0.3,0,0.3,0.03,0,0.03,0.03,0.03
Eddie Nketiah,Arsenal,eng_ENG,FW,22,21,8,835.00,9.3,5,1,5,0,0,3,0,0.54,0.11,0.65,0.54,0.65,4.6,4.6,1.4,6.1,0.5,0.16,0.65,0.5,0.65
Ainsley Maitland-Niles,Arsenal,eng_ENG,MF,23,8,2,268.00,3,0,0,0,0,0,0,0,0,0,0,0,0,0,0,0.3,0.4,0.01,0.12,0.13,0.01,0.13
Calum Chambers,Arsenal,eng_ENG,DF,26,2,2,170.00,1.9,0,0,0,0,0,0,0,0,0,0,0,0,0.1,0.1,0.1,0.1,0.05,0.03,0.07,0.05,0.07
Folarin Balogun,Arsenal,eng_ENG,FW,20,2,1,70.00,0.8,0,0,0,0,0,0,0,0,0,0,0,0,0.3,0.3,0,0.3,0.35,0,0.35,0.35,0.35
Reiss Nelson,Arsenal,eng_ENG,FW,21,1,0,20.00,0.2,0,0,0,0,0,0,0,0,0,0,0,0,0,0,0,0.1,0.16,0.18,0.35,0.16,0.35
Ryan Alebiousu,Arsenal,eng_ENG,DF,19,0,0,,,,,,,,,,,,,,,,,,,,,,,
Zach Awe,Arsenal,eng_ENG,DF,17,0,0,,,,,,,,,,,,,,,,,,,,,,,
Miguel Azeez,Arsenal,eng_ENG,MF,18,0,0,,,,,,,,,,,,,,,,,,,,,,,
Omari Hutchinson,Arsenal,eng_ENG,DF,17,0,0,,,,,,,,,,,,,,,,,,,,,,,
Alex Kirk,Arsenal,eng_ENG,DF,18,0,0,,,,,,,,,,,,,,,,,,,,,,,
Arthur Okonkwo,Arsenal,eng_ENG,GK,19,0,0,,,,,,,,,,,,,,,,,,,,,,,
Charlie Patino,Arsenal,eng_ENG,FW,17,0,0,,,,,,,,,,,,,,,,,,,,,,,
Zak Swanson,Arsenal,eng_ENG,DF,20,0,0,,,,,,,,,,,,,,,,,,,,,,,
Tyrone Mings,Aston Villa,eng_ENG,DF,28,36,35,3189.00,35.4,1,3,1,0,0,11,0,0.03,0.08,0.11,0.03,0.11,1.4,1.4,1.5,2.9,0.04,0.04,0.08,0.04,0.08
Ollie Watkins,Aston Villa,eng_ENG,FW,25,35,33,2952.00,32.8,11,2,10,1,1,7,0,0.34,0.06,0.4,0.3,0.37,12.2,11.4,2.9,14.3,0.37,0.09,0.46,0.35,0.44
Ezri Konsa,Aston Villa,eng_ENG,DF,23,29,29,2477.00,27.5,2,0,2,0,0,6,2,0.07,0,0.07,0.07,0.07,1.5,1.5,0.3,1.7,0.05,0.01,0.06,0.05,0.06
Jacob Ramsey,Aston Villa,eng_ENG,MF,20,34,29,2467.00,27.4,6,1,6,0,0,6,0,0.22,0.04,0.26,0.22,0.26,3.8,3.8,2,5.8,0.14,0.07,0.21,0.14,0.21
Danny Ings,Aston Villa,eng_ENG,FW,29,30,22,1898.00,21.1,7,6,6,1,1,4,0,0.33,0.28,0.62,0.28,0.57,7.3,6.6,2,8.6,0.35,0.1,0.44,0.31,0.41
Matt Targett,Aston Villa,eng_ENG,DF,25,17,17,1431.00,15.9,1,1,1,0,0,2,0,0.06,0.06,0.13,0.06,0.13,0.5,0.5,2.2,2.7,0.03,0.14,0.17,0.03,0.17
Ashley Young,Aston Villa,eng_ENG,"DF,FW",36,24,10,1250.00,13.9,0,2,0,0,0,2,0,0,0.14,0.14,0,0.14,0.4,0.4,0.7,1.1,0.03,0.05,0.08,0.03,0.08
Calum Chambers,Aston Villa,eng_ENG,DF,26,11,9,831.00,9.2,1,0,1,0,0,1,0,0.11,0,0.11,0.11,0.11,0.2,0.2,0.1,0.4,0.02,0.01,0.04,0.02,0.04
Axel Tuanzebe,Aston Villa,eng_ENG,DF,23,9,6,508.00,5.6,0,0,0,0,0,1,0,0,0,0,0,0,0.2,0.2,0,0.2,0.03,0,0.03,0.03,0.03
Kortney Hause,Aston Villa,eng_ENG,DF,26,7,4,397.00,4.4,1,0,1,0,0,0,0,0.23,0,0.23,0.23,0.23,0.1,0.1,0,0.1,0.02,0,0.02,0.02,0.02
Carney Chukwuemeka,Aston Villa,eng_ENG,"MF,FW",17,12,2,301.00,3.3,0,1,0,0,0,0,0,0,0.3,0.3,0,0.3,0.6,0.6,1,1.5,0.17,0.29,0.46,0.17,0.46
Tim Iroegbunam,Aston Villa,eng_ENG,MF,18,3,1,92.00,1,0,0,0,0,0,1,0,0,0,0,0,0,0.1,0.1,0,0.1,0.13,0,0.13,0.13,0.13
Jed Steer,Aston Villa,eng_ENG,GK,28,1,1,90.00,1,0,0,0,0,0,0,0,0,0,0,0,0,0,0,0,0,0,0,0,0,0
Cameron Archer,Aston Villa,eng_ENG,"MF,FW",19,3,0,27.00,0.3,0,0,0,0,0,0,0,0,0,0,0,0,0,0,0,0,0.07,0,0.07,0.07,0.07
Keinan Davis,Aston Villa,eng_ENG,FW,23,1,0,12.00,0.1,0,0,0,0,0,0,0,0,0,0,0,0,0,0,0,0,0,0,0,0,0
Jaden Philogene Bidace,Aston Villa,eng_ENG,FW,19,1,0,5.00,0.1,0,0,0,0,0,0,0,0,0,0,0,0,0,0,0,0,0,0,0,0,0
Benjamin Chrisene,Aston Villa,eng_ENG,DF,17,0,0,,,,,,,,,,,,,,,,,,,,,,,
Josh Feeney,Aston Villa,eng_ENG,DF,16,0,0,,,,,,,,,,,,,,,,,,,,,,,
Kaine Kessler,Aston Villa,eng_ENG,"DF,MF",18,0,0,,,,,,,,,,,,,,,,,,,,,,,
Filip Marshall,Aston Villa,eng_ENG,GK,18,0,0,,,,,,,,,,,,,,,,,,,,,,,
Tommi O'Reilly,Aston Villa,eng_ENG,MF,17,0,0,,,,,,,,,,,,,,,,,,,,,,,
Aaron Ramsey,Aston Villa,eng_ENG,MF,18,0,0,,,,,,,,,,,,,,,,,,,,,,,
Rico Henry,Brentford,eng_ENG,DF,24,34,33,2776.00,30.8,3,0,3,0,0,2,0,0.1,0,0.1,0.1,0.1,1.8,1.8,1.7,3.5,0.06,0.06,0.11,0.06,0.11
Ivan Toney,Brentford,eng_ENG,FW,25,33,32,2909.00,32.3,12,5,7,5,5,8,0,0.37,0.15,0.53,0.22,0.37,12,8.2,5.8,14,0.37,0.18,0.55,0.25,0.43
Charlie Goode,Brentford,eng_ENG,DF,25,6,4,450.00,5,0,0,0,0,0,3,0,0,0,0,0,0,0.1,0.1,0.3,0.5,0.03,0.07,0.1,0.03,0.1
Josh Dasilva,Brentford,eng_ENG,"MF,FW",22,9,2,257.00,2.9,0,0,0,0,0,0,1,0,0,0,0,0,0,0,0.1,0.2,0.02,0.04,0.05,0.02,0.05
Dominic Thompson,Brentford,eng_ENG,DF,21,2,2,146.00,1.6,0,0,0,0,0,0,0,0,0,0,0,0,0,0,0,0,0.01,0,0.01,0.01,0.01
Nathan Young-Coombes,Brentford,eng_ENG,FW,18,1,0,4.00,0,0,0,0,0,0,0,0,0,0,0,0,0,0,0,0,0,0,0,0,0,0
Matthew Cox,Brentford,eng_ENG,GK,18,0,0,,,,,,,,,,,,,,,,,,,,,,,
Maxwell Haygarth,Brentford,eng_ENG,MF,19,0,0,,,,,,,,,,,,,,,,,,,,,,,
Edmond-Paris Maghoma,Brentford,eng_ENG,MF,20,0,0,,,,,,,,,,,,,,,,,,,,,,,
Myles Peart-Harris,Brentford,eng_ENG,MF,18,0,0,,,,,,,,,,,,,,,,,,,,,,,
Lewis Dunk,Brighton & Hove Albion,eng_ENG,DF,29,29,29,2573.00,28.6,1,0,1,0,0,3,1,0.03,0,0.03,0.03,0.03,1.2,1.2,0.2,1.4,0.04,0.01,0.05,0.04,0.05
Adam Lallana,Brighton & Hove Albion,eng_ENG,MF,33,24,18,1561.00,17.3,0,1,0,0,0,4,0,0,0.06,0.06,0,0.06,1.2,1.2,0.7,1.9,0.07,0.04,0.11,0.07,0.11
Solly March,Brighton & Hove Albion,eng_ENG,"DF,FW",27,31,17,1746.00,19.4,0,2,0,0,0,1,0,0,0.1,0.1,0,0.1,1.5,1.5,2.7,4.3,0.08,0.14,0.22,0.08,0.22
Tariq Lamptey,Brighton & Hove Albion,eng_ENG,"DF,FW",20,30,16,1561.00,17.3,0,2,0,0,0,4,0,0,0.12,0.12,0,0.12,0.8,0.8,2.2,3,0.05,0.13,0.17,0.05,0.17
Adam Webster,Brighton & Hove Albion,eng_ENG,DF,26,22,16,1434.00,15.9,2,0,2,0,0,5,0,0.13,0,0.13,0.13,0.13,1.1,1.1,0.1,1.2,0.07,0,0.08,0.07,0.08
Danny Welbeck,Brighton & Hove Albion,eng_ENG,FW,30,25,15,1478.00,16.4,6,2,6,0,0,0,0,0.37,0.12,0.49,0.37,0.49,6.1,6.1,1,7.1,0.37,0.06,0.44,0.37,0.44
Dan Burn,Brighton & Hove Albion,eng_ENG,DF,29,13,12,1022.00,11.4,1,0,1,0,0,4,0,0.09,0,0.09,0.09,0.09,1.3,1.3,0,1.3,0.11,0,0.12,0.11,0.12
Jason Steele,Brighton & Hove Albion,eng_ENG,GK,30,1,1,90.00,1,0,0,0,0,0,0,0,0,0,0,0,0,0,0,0,0,0,0,0,0,0
Taylor Richards,Brighton & Hove Albion,eng_ENG,"MF,FW",20,2,0,25.00,0.3,0,0,0,0,0,0,0,0,0,0,0,0,0,0,0,0,0.14,0,0.14,0.14,0.14
Thomas Mcgill,Brighton & Hove Albion,eng_ENG,GK,21,0,0,,,,,,,,,,,,,,,,,,,,,,,
Odeluga Offiah,Brighton & Hove Albion,eng_ENG,DF,18,0,0,,,,,,,,,,,,,,,,,,,,,,,
Haydon Roberts,Brighton & Hove Albion,eng_ENG,DF,19,0,0,,,,,,,,,,,,,,,,,,,,,,,
Nick Pope,Burnley,eng_ENG,GK,29,36,36,3240.00,36,0,0,0,0,0,1,0,0,0,0,0,0,0,0,0.2,0.2,0,0.01,0.01,0,0.01
Dwight McNeil,Burnley,eng_ENG,MF,21,38,35,3107.00,34.5,0,1,0,0,0,1,0,0,0.03,0.03,0,0.03,2.3,2.3,4.8,7.1,0.07,0.14,0.21,0.07,0.21
James Tarkowski,Burnley,eng_ENG,DF,28,35,35,3106.00,34.5,1,2,1,0,0,11,0,0.03,0.06,0.09,0.03,0.09,2,2,0.6,2.6,0.06,0.02,0.08,0.06,0.08
Josh Brownhill,Burnley,eng_ENG,MF,25,35,32,2955.00,32.8,2,3,2,0,0,10,0,0.06,0.09,0.15,0.06,0.15,1.4,1.4,2.5,3.9,0.04,0.08,0.12,0.04,0.12
Charlie Taylor,Burnley,eng_ENG,DF,27,31,30,2731.00,30.3,0,3,0,0,0,3,0,0,0.1,0.1,0,0.1,0.2,0.2,3.5,3.7,0.01,0.11,0.12,0.01,0.12
Ashley Westwood,Burnley,eng_ENG,MF,31,27,26,2287.00,25.4,0,3,0,0,0,7,0,0,0.12,0.12,0,0.12,0.8,0.8,3.6,4.3,0.03,0.14,0.17,0.03,0.17
Ben Mee,Burnley,eng_ENG,DF,31,21,21,1839.00,20.4,3,0,3,0,0,3,0,0.15,0,0.15,0.15,0.15,1.8,1.8,0.1,1.9,0.09,0,0.09,0.09,0.09
Matthew Lowton,Burnley,eng_ENG,DF,32,25,20,1772.00,19.7,1,2,1,0,0,3,1,0.05,0.1,0.15,0.05,0.15,0.6,0.6,1.3,1.9,0.03,0.07,0.1,0.03,0.1
Jack Cork,Burnley,eng_ENG,MF,32,20,20,1670.00,18.6,1,0,1,0,0,4,0,0.05,0,0.05,0.05,0.05,0.8,0.8,0.1,0.9,0.04,0.01,0.05,0.04,0.05
Aaron Lennon,Burnley,eng_ENG,MF,34,28,17,1551.00,17.2,2,0,2,0,0,2,0,0.12,0,0.12,0.12,0.12,1.1,1.1,0.5,1.6,0.06,0.03,0.09,0.06,0.09
Jay Rodriguez,Burnley,eng_ENG,FW,32,29,13,1382.00,15.4,2,2,2,0,0,3,0,0.13,0.13,0.26,0.13,0.26,4.7,4.7,1.9,6.6,0.3,0.12,0.43,0.3,0.43
Ashley Barnes,Burnley,eng_ENG,FW,31,23,8,808.00,9,1,0,0,1,1,4,0,0.11,0,0.11,0,0,1.8,1,1.6,2.6,0.2,0.18,0.38,0.11,0.29
Dale Stephens,Burnley,eng_ENG,MF,32,3,1,124.00,1.4,0,0,0,0,0,1,0,0,0,0,0,0,0,0,0,0.1,0.02,0.03,0.06,0.02,0.06
Owen Dodgson,Burnley,eng_ENG,DF,18,0,0,,,,,,,,,,,,,,,,,,,,,,,
Joseph McGlynn,Burnley,eng_ENG,MF,18,0,0,,,,,,,,,,,,,,,,,,,,,,,
Will Norris,Burnley,eng_ENG,GK,27,0,0,,,,,,,,,,,,,,,,,,,,,,,
Lewis Richardson,Burnley,eng_ENG,FW,18,0,0,,,,,,,,,,,,,,,,,,,,,,,
Bobby Thomas,Burnley,eng_ENG,DF,,0,0,,,,,,,,,,,,,,,,,,,,,,,
Sam Waller,Burnley,eng_ENG,GK,17,0,0,,,,,,,,,,,,,,,,,,,,,,,
Mason Mount,Chelsea,eng_ENG,"MF,FW",22,32,27,2363.00,26.3,11,10,10,1,1,4,0,0.42,0.38,0.8,0.38,0.76,8.9,8.1,6.7,14.8,0.34,0.25,0.59,0.31,0.56
Reece James,Chelsea,eng_ENG,DF,21,26,22,1864.00,20.7,5,9,5,0,0,4,1,0.24,0.43,0.68,0.24,0.68,2.6,2.6,5.7,8.3,0.12,0.28,0.4,0.12,0.4
Trevoh Chalobah,Chelsea,eng_ENG,DF,22,20,17,1449.00,16.1,3,1,3,0,0,2,0,0.19,0.06,0.25,0.19,0.25,1,1,0.2,1.2,0.06,0.01,0.08,0.06,0.08
Ruben Loftus-Cheek,Chelsea,eng_ENG,"MF,DF",25,24,13,1394.00,15.5,0,2,0,0,0,1,0,0,0.13,0.13,0,0.13,1.2,1.2,1.9,3.1,0.08,0.12,0.2,0.08,0.2
Callum Hudson-Odoi,Chelsea,eng_ENG,"FW,MF",20,15,11,962.00,10.7,1,2,1,0,0,1,0,0.09,0.19,0.28,0.09,0.28,2.1,2.1,2.3,4.4,0.2,0.21,0.41,0.2,0.41
Ben Chilwell,Chelsea,eng_ENG,DF,24,7,6,542.00,6,3,1,3,0,0,0,0,0.5,0.17,0.66,0.5,0.66,1.2,1.2,0.9,2.1,0.19,0.15,0.34,0.19,0.34
Ross Barkley,Chelsea,eng_ENG,MF,27,6,1,179.00,2,1,0,1,0,0,0,0,0.5,0,0.5,0.5,0.5,1.2,1.2,0.7,1.9,0.6,0.33,0.94,0.6,0.94
Tammy Abraham,Chelsea,eng_ENG,FW,23,0,0,,,,,,,,,,,,,,,,,,,,,,,
Marcus Bettinelli,Chelsea,eng_ENG,GK,29,0,0,,,,,,,,,,,,,,,,,,,,,,,
Lewis Hall,Chelsea,eng_ENG,MF,16,0,0,,,,,,,,,,,,,,,,,,,,,,,
Harvey Vale,Chelsea,eng_ENG,MF,17,0,0,,,,,,,,,,,,,,,,,,,,,,,
Marc Guéhi,Crystal Palace,eng_ENG,DF,21,36,36,3222.00,35.8,2,1,2,0,0,4,0,0.06,0.03,0.08,0.06,0.08,1.9,1.9,0.5,2.4,0.05,0.01,0.07,0.05,0.07
Tyrick Mitchell,Crystal Palace,eng_ENG,DF,21,36,35,3101.00,34.5,0,2,0,0,0,1,0,0,0.06,0.06,0,0.06,0.3,0.3,1.3,1.6,0.01,0.04,0.05,0.01,0.05
Conor Gallagher,Crystal Palace,eng_ENG,MF,21,34,33,2845.00,31.6,8,3,8,0,0,10,0,0.25,0.09,0.35,0.25,0.35,5.8,5.8,3.5,9.3,0.18,0.11,0.29,0.18,0.29
Joel Ward,Crystal Palace,eng_ENG,DF,31,28,27,2487.00,27.6,0,0,0,0,0,8,0,0,0,0,0,0,0.4,0.4,0.6,1,0.01,0.02,0.03,0.01,0.03
Nathaniel Clyne,Crystal Palace,eng_ENG,DF,30,16,15,1351.00,15,0,1,0,0,0,1,0,0,0.07,0.07,0,0.07,0.1,0.1,0.5,0.6,0.01,0.03,0.04,0.01,0.04
Will Hughes,Crystal Palace,eng_ENG,MF,26,16,13,1053.00,11.7,0,1,0,0,0,6,0,0,0.09,0.09,0,0.09,0.2,0.2,0.7,0.8,0.01,0.06,0.07,0.01,0.07
Jack Butland,Crystal Palace,eng_ENG,GK,28,9,8,765.00,8.5,0,0,0,0,0,0,0,0,0,0,0,0,0,0,0,0,0,0,0,0,0
Eberechi Eze,Crystal Palace,eng_ENG,"MF,FW",23,13,6,605.00,6.7,1,1,1,0,0,1,0,0.15,0.15,0.3,0.15,0.3,0.5,0.5,0.9,1.4,0.08,0.13,0.21,0.08,0.21
James Tomkins,Crystal Palace,eng_ENG,DF,32,8,6,547.00,6.1,1,0,1,0,0,2,0,0.16,0,0.16,0.16,0.16,0.6,0.6,0.4,0.9,0.09,0.06,0.15,0.09,0.15
Jesuran Rak Sakyi,Crystal Palace,eng_ENG,"FW,MF",18,2,1,80.00,0.9,0,0,0,0,0,0,0,0,0,0,0,0,0,0,0,0,0,0,0,0,0
Nathan Ferguson,Crystal Palace,eng_ENG,DF,20,1,0,9.00,0.1,0,0,0,0,0,0,0,0,0,0,0,0,0,0,0,0,0,0,0,0,0
Reece Hannam,Crystal Palace,eng_ENG,DF,20,0,0,,,,,,,,,,,,,,,,,,,,,,,
Martin Kelly,Crystal Palace,eng_ENG,"DF,MF",31,0,0,,,,,,,,,,,,,,,,,,,,,,,
Remi Matthews,Crystal Palace,eng_ENG,GK,27,0,0,,,,,,,,,,,,,,,,,,,,,,,
Robert Street,Crystal Palace,eng_ENG,FW,19,0,0,,,,,,,,,,,,,,,,,,,,,,,
Jordan Pickford,Everton,eng_ENG,GK,27,35,35,3150.00,35,0,0,0,0,0,2,0,0,0,0,0,0,0,0,0.1,0.1,0,0,0,0,0
Michael Keane,Everton,eng_ENG,DF,28,32,31,2792.00,31,3,2,3,0,0,4,1,0.1,0.06,0.16,0.1,0.16,1.2,1.2,0.6,1.8,0.04,0.02,0.06,0.04,0.06
Demarai Gray,Everton,eng_ENG,"MF,FW",25,34,28,2338.00,26,5,4,5,0,0,3,0,0.19,0.15,0.35,0.19,0.35,4.5,4.5,4.3,8.8,0.17,0.16,0.34,0.17,0.34
Anthony Gordon,Everton,eng_ENG,"MF,FW",20,35,25,2285.00,25.4,4,2,4,0,0,4,0,0.16,0.08,0.24,0.16,0.24,3.4,3.4,3.3,6.7,0.13,0.13,0.26,0.13,0.26
Mason Holgate,Everton,eng_ENG,DF,24,25,23,2134.00,23.7,2,1,2,0,0,7,1,0.08,0.04,0.13,0.08,0.13,1.1,1.1,0.1,1.1,0.05,0,0.05,0.05,0.05
Ben Godfrey,Everton,eng_ENG,DF,23,23,23,2029.00,22.5,0,0,0,0,0,6,0,0,0,0,0,0,1.1,1.1,0.7,1.9,0.05,0.03,0.08,0.05,0.08
Andros Townsend,Everton,eng_ENG,MF,30,21,17,1455.00,16.2,3,2,2,1,1,3,0,0.19,0.12,0.31,0.12,0.25,2.3,1.5,2.4,3.9,0.14,0.15,0.29,0.09,0.24
Dominic Calvert-Lewin,Everton,eng_ENG,FW,24,17,15,1283.00,14.3,5,2,3,2,3,2,0,0.35,0.14,0.49,0.21,0.35,6.8,4.6,1.8,6.4,0.48,0.13,0.61,0.32,0.45
Jonjoe Kenny,Everton,eng_ENG,DF,24,15,11,1018.00,11.3,0,1,0,0,0,3,1,0,0.09,0.09,0,0.09,0.3,0.3,0.5,0.9,0.03,0.05,0.08,0.03,0.08
Fabian Delph,Everton,eng_ENG,MF,31,11,8,662.00,7.4,0,0,0,0,0,2,0,0,0,0,0,0,0,0,0.1,0.1,0.01,0.01,0.02,0.01,0.02
Jarrad Branthwaite,Everton,eng_ENG,DF,19,6,4,388.00,4.3,1,0,1,0,0,0,1,0.23,0,0.23,0.23,0.23,0.4,0.4,0,0.4,0.1,0,0.1,0.1,0.1
Tom Davies,Everton,eng_ENG,MF,23,6,2,234.00,2.6,1,0,1,0,0,1,0,0.38,0,0.38,0.38,0.38,0.9,0.9,0,0.9,0.35,0,0.35,0.35,0.35
Dele Alli,Everton,eng_ENG,MF,25,11,1,338.00,3.8,0,0,0,0,0,3,0,0,0,0,0,0,0.1,0.1,0.3,0.4,0.02,0.09,0.11,0.02,0.11
Ellis Simms,Everton,eng_ENG,FW,20,1,1,61.00,0.7,0,0,0,0,0,0,0,0,0,0,0,0,0,0,0,0,0,0,0,0,0
Lewis Dobbin,Everton,eng_ENG,"FW,MF",18,3,0,32.00,0.4,0,0,0,0,0,1,0,0,0,0,0,0,0,0,0,0,0,0,0,0,0
Tyler Onyango,Everton,eng_ENG,"MF,FW",18,3,0,28.00,0.3,0,0,0,0,0,0,0,0,0,0,0,0,0,0,0,0,0.1,0,0.1,0.1,0.1
Harry Tyrer,Everton,eng_ENG,GK,19,0,0,,,,,,,,,,,,,,,,,,,,,,,
Reece Welch,Everton,eng_ENG,DF,17,0,0,,,,,,,,,,,,,,,,,,,,,,,
Charlie Whitaker,Everton,eng_ENG,MF,17,0,0,,,,,,,,,,,,,,,,,,,,,,,
Jack Harrison,Leeds United,eng_ENG,"FW,MF",24,35,32,2639.00,29.3,8,1,8,0,0,3,0,0.27,0.03,0.31,0.27,0.31,4,4,2.6,6.6,0.14,0.09,0.22,0.14,0.22
Luke Ayling,Leeds United,eng_ENG,DF,29,26,26,2272.00,25.2,2,2,2,0,0,4,1,0.08,0.08,0.16,0.08,0.16,1.6,1.6,0.8,2.4,0.06,0.03,0.1,0.06,0.1
Kalvin Phillips,Leeds United,eng_ENG,MF,25,20,18,1596.00,17.7,0,1,0,0,0,4,0,0,0.06,0.06,0,0.06,0.6,0.6,0.2,0.9,0.04,0.01,0.05,0.04,0.05
Adam Forshaw,Leeds United,eng_ENG,MF,29,22,17,1530.00,17,0,1,0,0,0,5,0,0,0.06,0.06,0,0.06,0.4,0.4,1.1,1.5,0.02,0.07,0.09,0.02,0.09
Jamie Shackleton,Leeds United,eng_ENG,"DF,MF",21,14,7,709.00,7.9,0,0,0,0,0,4,0,0,0,0,0,0,0.2,0.2,0,0.2,0.02,0.01,0.03,0.02,0.03
Patrick Bamford,Leeds United,eng_ENG,FW,27,9,7,559.00,6.2,2,2,2,0,0,2,0,0.32,0.32,0.64,0.32,0.64,3.9,3.9,1,4.9,0.63,0.15,0.78,0.63,0.78
Joe Gelhardt,Leeds United,eng_ENG,"FW,MF",19,20,5,746.00,8.3,2,2,2,0,0,4,0,0.24,0.24,0.48,0.24,0.48,3.1,3.1,1.5,4.7,0.38,0.19,0.56,0.38,0.56
Sam Greenwood,Leeds United,eng_ENG,"MF,FW",19,7,1,237.00,2.6,0,2,0,0,0,0,0,0,0.76,0.76,0,0.76,0.4,0.4,0.7,1.1,0.14,0.28,0.42,0.14,0.42
Lewis Bate,Leeds United,eng_ENG,MF,18,3,1,146.00,1.6,0,0,0,0,0,0,0,0,0,0,0,0,0,0,0,0,0.01,0,0.01,0.01,0.01
Charlie Cresswell,Leeds United,eng_ENG,DF,18,5,1,141.00,1.6,0,0,0,0,0,1,0,0,0,0,0,0,0.1,0.1,0,0.1,0.05,0,0.05,0.05,0.05
Cody Drameh,Leeds United,eng_ENG,DF,19,3,1,128.00,1.4,0,0,0,0,0,1,0,0,0,0,0,0,0,0,0,0,0,0.01,0.01,0,0.01
Nohan Kenneh,Leeds United,eng_ENG,DF,18,0,0,,0,0,0,0,0,0,1,0,,,,,,,,,,,,,,
Archie Gray,Leeds United,eng_ENG,MF,15,0,0,,,,,,,,,,,,,,,,,,,,,,,
Jack Jenkins,Leeds United,eng_ENG,MF,19,0,0,,,,,,,,,,,,,,,,,,,,,,,
James Maddison,Leicester City,eng_ENG,"MF,FW",24,35,28,2459.00,27.3,12,8,12,0,0,3,0,0.44,0.29,0.73,0.44,0.73,8.2,8.2,4.8,13,0.3,0.18,0.48,0.3,0.48
Harvey Barnes,Leicester City,eng_ENG,"FW,MF",23,32,24,2101.00,23.3,6,10,6,0,0,2,0,0.26,0.43,0.69,0.26,0.69,6.8,6.8,4,10.8,0.29,0.17,0.46,0.29,0.46
Kiernan Dewsbury Hall,Leicester City,eng_ENG,MF,22,28,23,2105.00,23.4,1,3,1,0,0,4,0,0.04,0.13,0.17,0.04,0.17,1.3,1.3,3,4.3,0.06,0.13,0.18,0.06,0.18
Luke Thomas,Leicester City,eng_ENG,DF,20,22,21,1912.00,21.2,0,1,0,0,0,2,0,0,0.05,0.05,0,0.05,0.2,0.2,1.6,1.8,0.01,0.07,0.08,0.01,0.08
Jamie Vardy,Leicester City,eng_ENG,FW,34,25,20,1806.00,20.1,15,2,15,0,0,2,0,0.75,0.1,0.85,0.75,0.85,9.5,9.5,1.6,11.1,0.47,0.08,0.55,0.47,0.55
Marc Albrighton,Leicester City,eng_ENG,"FW,DF",31,17,11,1132.00,12.6,1,2,1,0,0,3,0,0.08,0.16,0.24,0.08,0.24,0.5,0.5,1.7,2.2,0.04,0.13,0.18,0.04,0.18
James Justin,Leicester City,eng_ENG,DF,23,13,11,998.00,11.1,0,0,0,0,0,0,0,0,0,0,0,0,0.6,0.6,1,1.6,0.06,0.09,0.14,0.06,0.14
Ryan Bertrand,Leicester City,eng_ENG,DF,31,4,4,337.00,3.7,0,0,0,0,0,1,0,0,0,0,0,0,0,0,0.3,0.3,0,0.08,0.08,0,0.08
Hamza Choudhury,Leicester City,eng_ENG,"DF,MF",23,6,4,285.00,3.2,0,0,0,0,0,1,0,0,0,0,0,0,0,0,0,0,0.01,0,0.01,0.01,0.01
Lewis Brunt,Leicester City,eng_ENG,MF,20,1,0,24.00,0.3,0,0,0,0,0,0,0,0,0,0,0,0,0,0,0,0,0,0,0,0,0
Kasey McAteer,Leicester City,eng_ENG,FW,19,1,0,3.00,0,0,0,0,0,0,0,0,0,0,0,0,0,0,0,0,0,0,0,0,0,0
Vontae Daley Campbell,Leicester City,eng_ENG,DF,20,0,0,,,,,,,,,,,,,,,,,,,,,,,
Trent Alexander-Arnold,Liverpool,eng_ENG,DF,22,32,32,2853.00,31.7,2,12,2,0,0,2,0,0.06,0.38,0.44,0.06,0.44,2.7,2.7,11.2,13.9,0.08,0.35,0.44,0.08,0.44
Jordan Henderson,Liverpool,eng_ENG,MF,31,35,29,2597.00,28.9,2,5,2,0,0,3,0,0.07,0.17,0.24,0.07,0.24,1.5,1.5,3.8,5.3,0.05,0.13,0.18,0.05,0.18
Curtis Jones,Liverpool,eng_ENG,MF,20,15,10,851.00,9.5,1,1,1,0,0,0,0,0.11,0.11,0.21,0.11,0.21,0.9,0.9,0.6,1.6,0.1,0.07,0.16,0.1,0.16
James Milner,Liverpool,eng_ENG,"MF,DF",35,24,9,853.00,9.5,0,1,0,0,0,2,0,0,0.11,0.11,0,0.11,0.3,0.3,2.2,2.4,0.03,0.23,0.26,0.03,0.26
Alex Oxlade-Chamberlain,Liverpool,eng_ENG,"MF,FW",27,17,9,785.00,8.7,2,1,2,0,0,0,0,0.23,0.11,0.34,0.23,0.34,1.2,1.2,0.9,2.1,0.14,0.11,0.24,0.14,0.24
Harvey Elliott,Liverpool,eng_ENG,MF,18,6,4,346.00,3.8,0,0,0,0,0,0,0,0,0,0,0,0,0.9,0.9,0.5,1.4,0.23,0.12,0.35,0.23,0.35
Joe Gomez,Liverpool,eng_ENG,DF,24,8,4,331.00,3.7,0,1,0,0,0,2,0,0,0.27,0.27,0,0.27,0,0,0.5,0.5,0,0.13,0.13,0,0.13
Tyler Morton,Liverpool,eng_ENG,MF,18,2,1,66.00,0.7,0,0,0,0,0,1,0,0,0,0,0,0,0,0,0,0,0,0,0,0,0
Kaide Gordon,Liverpool,eng_ENG,FW,16,1,0,9.00,0.1,0,0,0,0,0,0,0,0,0,0,0,0,0.4,0.4,0,0.4,4.48,0,4.48,4.48,4.48
Nathaniel Phillips,Liverpool,eng_ENG,DF,24,0,0,,,,,,,,,,,,,,,,,,,,,,,
Jarrell Quansah,Liverpool,eng_ENG,DF,18,0,0,,,,,,,,,,,,,,,,,,,,,,,
Rhys Williams,Liverpool,eng_ENG,DF,20,0,0,,,,,,,,,,,,,,,,,,,,,,,
Phil Foden,Manchester City,eng_ENG,FW,21,28,24,2128.00,23.6,9,5,9,0,0,1,0,0.38,0.21,0.59,0.38,0.59,9.1,9.1,6.6,15.7,0.38,0.28,0.66,0.38,0.66
Raheem Sterling,Manchester City,eng_ENG,FW,26,30,23,2128.00,23.6,13,5,11,2,3,1,0,0.55,0.21,0.76,0.47,0.68,14.4,12,4.6,16.6,0.61,0.2,0.81,0.51,0.7
Jack Grealish,Manchester City,eng_ENG,FW,25,26,22,1914.00,21.3,3,3,3,0,0,3,0,0.14,0.14,0.28,0.14,0.28,4.8,4.8,6.3,11.1,0.22,0.3,0.52,0.22,0.52
Kyle Walker,Manchester City,eng_ENG,DF,31,20,20,1755.00,19.5,0,2,0,0,0,1,0,0,0.1,0.1,0,0.1,0.3,0.3,1.2,1.4,0.01,0.06,0.07,0.01,0.07
John Stones,Manchester City,eng_ENG,DF,27,14,12,1119.00,12.4,1,0,1,0,0,0,0,0.08,0,0.08,0.08,0.08,1,1,0.1,1.1,0.08,0.01,0.09,0.08,0.09
Cole Palmer,Manchester City,eng_ENG,"FW,MF",19,4,1,123.00,1.4,0,0,0,0,0,0,0,0,0,0,0,0,0.3,0.3,0.2,0.5,0.23,0.17,0.39,0.23,0.39
James Mcatee,Manchester City,eng_ENG,"MF,FW",18,2,0,20.00,0.2,0,0,0,0,0,0,0,0,0,0,0,0,0,0,0,0,0.19,0,0.19,0.19,0.19
Liam Delap,Manchester City,eng_ENG,FW,18,1,0,10.00,0.1,0,0,0,0,0,0,0,0,0,0,0,0,0,0,0,0,0,0,0,0,0
CJ Egan-Riley,Manchester City,eng_ENG,DF,18,1,0,4.00,0,0,0,0,0,0,0,0,0,0,0,0,0,0,0,0,0,0,0,0,0,0
Scott Carson,Manchester City,eng_ENG,GK,35,0,0,,,,,,,,,,,,,,,,,,,,,,,
Thomas Doyle,Manchester City,eng_ENG,MF,19,0,0,,,,,,,,,,,,,,,,,,,,,,,
Samuel Edozie,Manchester City,eng_ENG,FW,18,0,0,,,,,,,,,,,,,,,,,,,,,,,
Luke Mbete-Tatu,Manchester City,eng_ENG,DF,20,0,0,,,,,,,,,,,,,,,,,,,,,,,
Josh Wilson-Esbrand,Manchester City,eng_ENG,DF,18,0,0,,,,,,,,,,,,,,,,,,,,,,,
Harry Maguire,Manchester United,eng_ENG,DF,28,30,28,2515.00,27.9,1,0,1,0,0,9,1,0.04,0,0.04,0.04,0.04,1.7,1.7,0.2,1.9,0.06,0.01,0.07,0.06,0.07
Jadon Sancho,Manchester United,eng_ENG,"FW,MF",21,29,20,1900.00,21.1,3,3,3,0,0,0,0,0.14,0.14,0.28,0.14,0.28,3.3,3.3,4.2,7.5,0.16,0.2,0.36,0.16,0.36
Aaron Wan-Bissaka,Manchester United,eng_ENG,DF,23,20,20,1793.00,19.9,0,0,0,0,0,2,0,0,0,0,0,0,0.2,0.2,0.9,1.1,0.01,0.05,0.06,0.01,0.06
Luke Shaw,Manchester United,eng_ENG,DF,26,20,19,1601.00,17.8,0,3,0,0,0,8,0,0,0.17,0.17,0,0.17,0.2,0.2,3.2,3.4,0.01,0.18,0.19,0.01,0.19
Mason Greenwood,Manchester United,eng_ENG,"FW,MF",19,18,16,1271.00,14.1,5,1,5,0,0,1,0,0.35,0.07,0.42,0.35,0.42,4.4,4.4,1.6,6,0.31,0.11,0.42,0.31,0.42
Marcus Rashford,Manchester United,eng_ENG,"FW,MF",23,25,13,1235.00,13.7,4,2,4,0,0,2,0,0.29,0.15,0.44,0.29,0.44,2.4,2.4,2,4.4,0.18,0.14,0.32,0.18,0.32
Jesse Lingard,Manchester United,eng_ENG,"FW,MF",28,16,2,367.00,4.1,2,0,2,0,0,1,0,0.49,0,0.49,0.49,0.49,0.7,0.7,0.4,1.1,0.17,0.1,0.26,0.17,0.26
Phil Jones,Manchester United,eng_ENG,DF,29,4,2,163.00,1.8,0,0,0,0,0,0,0,0,0,0,0,0,0,0,0,0,0,0.01,0.01,0,0.01
Shola Shoretire,Manchester United,eng_ENG,FW,17,1,0,16.00,0.2,0,0,0,0,0,0,0,0,0,0,0,0,0,0,0,0,0,0,0,0,0
Tom Heaton,Manchester United,eng_ENG,GK,35,0,0,,,,,,,,,,,,,,,,,,,,,,,
Dean Henderson,Manchester United,eng_ENG,GK,24,0,0,,,,,,,,,,,,,,,,,,,,,,,
Brandon Williams,Manchester United,eng_ENG,DF,20,0,0,,,,,,,,,,,,,,,,,,,,,,,
Joe Willock,Newcastle United,eng_ENG,MF,21,29,24,2038.00,22.6,2,0,2,0,0,0,0,0.09,0,0.09,0.09,0.09,3.6,3.6,1.2,4.8,0.16,0.05,0.21,0.16,0.21
Jamaal Lascelles,Newcastle United,eng_ENG,DF,27,26,22,2058.00,22.9,1,0,1,0,0,5,0,0.04,0,0.04,0.04,0.04,1.1,1.1,0.3,1.3,0.05,0.01,0.06,0.05,0.06
Jonjo Shelvey,Newcastle United,eng_ENG,MF,29,24,22,1983.00,22,2,1,2,0,0,7,1,0.09,0.05,0.14,0.09,0.14,0.9,0.9,0.8,1.7,0.04,0.04,0.08,0.04,0.08
Dan Burn,Newcastle United,eng_ENG,DF,29,16,16,1440.00,16,0,1,0,0,0,4,0,0,0.06,0.06,0,0.06,0.5,0.5,0.1,0.6,0.03,0.01,0.04,0.03,0.04
Matt Targett,Newcastle United,eng_ENG,DF,25,16,16,1440.00,16,0,0,0,0,0,1,0,0,0,0,0,0,0.3,0.3,1.6,1.9,0.02,0.1,0.12,0.02,0.12
Callum Wilson,Newcastle United,eng_ENG,FW,29,18,16,1386.00,15.4,8,0,6,2,2,4,0,0.52,0,0.52,0.39,0.39,6.5,5,0.6,5.5,0.42,0.04,0.46,0.32,0.36
Sean Longstaff,Newcastle United,eng_ENG,MF,23,24,15,1464.00,16.3,1,1,1,0,0,1,0,0.06,0.06,0.12,0.06,0.12,1.2,1.2,0.7,1.9,0.07,0.04,0.12,0.07,0.12
Jacob Murphy,Newcastle United,eng_ENG,"FW,DF",26,33,13,1473.00,16.4,1,2,1,0,0,4,0,0.06,0.12,0.18,0.06,0.18,2.9,2.9,2.1,5,0.18,0.13,0.31,0.18,0.31
Isaac Hayden,Newcastle United,eng_ENG,"MF,DF",26,14,12,1002.00,11.1,1,0,1,0,0,5,0,0.09,0,0.09,0.09,0.09,0.4,0.4,0.1,0.5,0.04,0.01,0.05,0.04,0.05
Karl Darlow,Newcastle United,eng_ENG,GK,30,8,8,720.00,8,0,0,0,0,0,1,0,0,0,0,0,0,0,0,0,0,0,0,0,0,0
Kieran Trippier,Newcastle United,eng_ENG,DF,30,6,5,429.00,4.8,2,0,2,0,0,0,0,0.42,0,0.42,0.42,0.42,0.1,0.1,0.4,0.6,0.03,0.09,0.12,0.03,0.12
Freddie Woodman,Newcastle United,eng_ENG,GK,24,4,4,360.00,4,0,0,0,0,0,0,0,0,0,0,0,0,0,0,0,0,0,0,0,0,0
Dwight Gayle,Newcastle United,eng_ENG,FW,30,8,0,38.00,0.4,0,0,0,0,0,1,0,0,0,0,0,0,0.3,0.3,0.5,0.8,0.71,1.19,1.89,0.71,1.89
Lucas De Bolle,Newcastle United,eng_ENG,MF,18,0,0,,,,,,,,,,,,,,,,,,,,,,,
Mark Gillespie,Newcastle United,eng_ENG,GK,29,0,0,,,,,,,,,,,,,,,,,,,,,,,
Joe White,Newcastle United,eng_ENG,MF,18,0,0,,,,,,,,,,,,,,,,,,,,,,,
Max Aarons,Norwich City,eng_ENG,DF,21,34,32,2881.00,32,0,2,0,0,0,8,0,0,0.06,0.06,0,0.06,0.7,0.7,1.4,2.1,0.02,0.04,0.07,0.02,0.07
Ben Gibson,Norwich City,eng_ENG,DF,28,28,28,2494.00,27.7,0,0,0,0,0,5,1,0,0,0,0,0,1.2,1.2,0,1.2,0.04,0,0.04,0.04,0.04
Brandon Williams,Norwich City,eng_ENG,DF,20,26,23,2120.00,23.6,0,1,0,0,0,8,0,0,0.04,0.04,0,0.04,0.2,0.2,1.3,1.5,0.01,0.05,0.06,0.01,0.06
Sam Byram,Norwich City,eng_ENG,DF,27,15,11,1027.00,11.4,0,0,0,0,0,3,0,0,0,0,0,0,0.9,0.9,0.2,1.1,0.08,0.02,0.1,0.08,0.1
Kieran Dowell,Norwich City,eng_ENG,"FW,MF",23,19,11,912.00,10.1,1,1,1,0,0,0,0,0.1,0.1,0.2,0.1,0.2,1.2,1.2,2,3.2,0.12,0.2,0.31,0.12,0.31
Angus Gunn,Norwich City,eng_ENG,GK,25,9,9,810.00,9,0,0,0,0,0,0,0,0,0,0,0,0,0,0,0,0,0,0,0,0,0
Todd Cantwell,Norwich City,eng_ENG,"FW,MF",23,8,5,441.00,4.9,0,0,0,0,0,2,0,0,0,0,0,0,0.2,0.2,0.2,0.4,0.03,0.04,0.07,0.03,0.07
Tony Springett,Norwich City,eng_ENG,"FW,MF",18,3,1,141.00,1.6,0,0,0,0,0,1,0,0,0,0,0,0,0.3,0.3,0.4,0.6,0.17,0.22,0.4,0.17,0.4
Jon Rowe,Norwich City,eng_ENG,"FW,MF",18,13,0,223.00,2.5,0,1,0,0,0,0,0,0,0.4,0.4,0,0.4,0.4,0.4,0.3,0.7,0.16,0.14,0.3,0.16,0.3
Bali Mumba,Norwich City,eng_ENG,DF,19,1,0,45.00,0.5,0,0,0,0,0,0,0,0,0,0,0,0,0,0,0,0,0,0,0,0,0
Liam Gibbs,Norwich City,eng_ENG,MF,18,0,0,,,,,,,,,,,,,,,,,,,,,,,
Abu Kamara,Norwich City,eng_ENG,DF,18,0,0,,,,,,,,,,,,,,,,,,,,,,,
James Ward-Prowse,Southampton,eng_ENG,MF,26,36,36,3215.00,35.7,10,5,6,4,4,3,1,0.28,0.14,0.42,0.17,0.31,5.4,2.3,6.2,8.5,0.15,0.17,0.32,0.07,0.24
Kyle Walker-Peters,Southampton,eng_ENG,DF,24,32,29,2633.00,29.3,1,2,1,0,0,5,0,0.03,0.07,0.1,0.03,0.1,1,1,2.9,3.8,0.03,0.1,0.13,0.03,0.13
Valentino Livramento,Southampton,eng_ENG,DF,18,28,25,2202.00,24.5,1,1,1,0,0,2,0,0.04,0.04,0.08,0.04,0.08,1.2,1.2,2.3,3.4,0.05,0.09,0.14,0.05,0.14
Nathan Redmond,Southampton,eng_ENG,"MF,FW",27,27,20,1833.00,20.4,1,5,1,0,0,0,0,0.05,0.25,0.29,0.05,0.29,1.9,1.9,4.3,6.3,0.09,0.21,0.31,0.09,0.31
Fraser Forster,Southampton,eng_ENG,GK,33,19,19,1710.00,19,0,0,0,0,0,1,0,0,0,0,0,0,0,0,0,0,0,0,0,0,0
Alex McCarthy,Southampton,eng_ENG,GK,31,17,17,1530.00,17,0,0,0,0,0,1,0,0,0,0,0,0,0,0,0,0,0,0,0,0,0
Adam Armstrong,Southampton,eng_ENG,FW,24,23,17,1413.00,15.7,2,2,2,0,0,1,0,0.13,0.13,0.25,0.13,0.25,4.3,4.3,1.7,6,0.27,0.11,0.38,0.27,0.38
Nathan Tella,Southampton,eng_ENG,"MF,FW",22,14,10,804.00,8.9,0,1,0,0,0,2,0,0,0.11,0.11,0,0.11,0.5,0.5,0.7,1.3,0.06,0.08,0.14,0.06,0.14
Jack Stephens,Southampton,eng_ENG,DF,27,11,9,811.00,9,0,0,0,0,0,3,0,0,0,0,0,0,0,0,0.3,0.3,0,0.03,0.03,0,0.03
Theo Walcott,Southampton,eng_ENG,"MF,FW",32,9,5,379.00,4.2,0,0,0,0,0,0,0,0,0,0,0,0,0.7,0.7,0,0.7,0.17,0.01,0.18,0.17,0.18
Kgagelo Chauke,Southampton,eng_ENG,MF,18,0,0,,,,,,,,,,,,,,,,,,,,,,,
Harry Lewis,Southampton,eng_ENG,GK,23,0,0,,,,,,,,,,,,,,,,,,,,,,,
Dynel Simeu,Southampton,eng_ENG,DF,19,0,0,,,,,,,,,,,,,,,,,,,,,,,
Thierry Small,Southampton,eng_ENG,DF,16,0,0,,,,,,,,,,,,,,,,,,,,,,,
Harry Kane,Tottenham Hotspur,eng_ENG,FW,28,37,36,3232.00,35.9,17,9,13,4,4,5,0,0.47,0.25,0.72,0.36,0.61,20.1,17.1,9,26.1,0.56,0.25,0.81,0.48,0.73
Eric Dier,Tottenham Hotspur,eng_ENG,DF,27,35,35,3071.00,34.1,0,0,0,0,0,1,0,0,0,0,0,0,1,1,1.4,2.4,0.03,0.04,0.07,0.03,0.07
Oliver Skipp,Tottenham Hotspur,eng_ENG,MF,20,18,14,1350.00,15,0,0,0,0,0,6,0,0,0,0,0,0,0.2,0.2,0.9,1.1,0.01,0.06,0.07,0.01,0.07
Ryan Sessegnon,Tottenham Hotspur,eng_ENG,DF,21,15,13,1047.00,11.6,0,2,0,0,0,2,0,0,0.17,0.17,0,0.17,0.4,0.4,2.9,3.3,0.03,0.25,0.28,0.03,0.28
Japhet Tanganga,Tottenham Hotspur,eng_ENG,DF,22,11,10,735.00,8.2,0,0,0,0,0,4,1,0,0,0,0,0,0.4,0.4,0.4,0.7,0.05,0.05,0.09,0.05,0.09
Harry Winks,Tottenham Hotspur,eng_ENG,MF,25,19,9,912.00,10.1,0,1,0,0,0,2,0,0,0.1,0.1,0,0.1,0.1,0.1,1.5,1.6,0.01,0.15,0.16,0.01,0.16
Dele Alli,Tottenham Hotspur,eng_ENG,"MF,FW",25,10,8,657.00,7.3,1,0,0,1,1,1,0,0.14,0,0.14,0,0,1.5,0.7,0.8,1.5,0.2,0.11,0.31,0.1,0.21
Dane Scarlett,Tottenham Hotspur,eng_ENG,MF,17,1,0,4.00,0,0,0,0,0,0,0,0,0,0,0,0,0,0,0,0,0,0,0,0,0,0
Brandon Austin,Tottenham Hotspur,eng_ENG,GK,22,0,0,,,,,,,,,,,,,,,,,,,,,,,
Alfie Devine,Tottenham Hotspur,eng_ENG,MF,16,0,0,,,,,,,,,,,,,,,,,,,,,,,
Marcel Lavinier,Tottenham Hotspur,eng_ENG,DF,20,0,0,,,,,,,,,,,,,,,,,,,,,,,
Dilan Markanday,Tottenham Hotspur,eng_ENG,"FW,MF",19,0,0,,,,,,,,,,,,,,,,,,,,,,,
Tobi Omole,Tottenham Hotspur,eng_ENG,DF,21,0,0,,,,,,,,,,,,,,,,,,,,,,,
Harvey White,Tottenham Hotspur,eng_ENG,MF,19,0,0,,,,,,,,,,,,,,,,,,,,,,,
Ben Foster,Watford,eng_ENG,GK,38,26,26,2340.00,26,0,1,0,0,0,0,0,0,0.04,0.04,0,0.04,0,0,0.2,0.2,0,0.01,0.01,0,0.01
Tom Cleverley,Watford,eng_ENG,MF,31,28,20,1616.00,18,0,2,0,0,0,2,0,0,0.11,0.11,0,0.11,0.8,0.8,2,2.9,0.05,0.11,0.16,0.05,0.16
Jeremy Ngakia,Watford,eng_ENG,DF,20,16,9,903.00,10,0,0,0,0,0,0,0,0,0,0,0,0,0.1,0.1,0.5,0.6,0.01,0.05,0.06,0.01,0.06
Danny Rose,Watford,eng_ENG,DF,31,8,7,689.00,7.7,0,0,0,0,0,4,0,0,0,0,0,0,0.2,0.2,0.8,0.9,0.02,0.1,0.12,0.02,0.12
Dan Gosling,Watford,eng_ENG,MF,31,4,2,166.00,1.8,1,0,1,0,0,0,0,0.54,0,0.54,0.54,0.54,0.2,0.2,0,0.2,0.1,0.01,0.11,0.1,0.11
Ashley Fletcher,Watford,eng_ENG,FW,25,3,0,30.00,0.3,0,0,0,0,0,0,0,0,0,0,0,0,0.4,0.4,0,0.4,1.16,0,1.16,1.16,1.16
Troy Deeney,Watford,eng_ENG,FW,33,2,0,25.00,0.3,0,0,0,0,0,0,0,0,0,0,0,0,0.4,0.4,0.1,0.5,1.45,0.32,1.77,1.45,1.77
Kwadwo Baah,Watford,eng_ENG,FW,18,0,0,,,,,,,,,,,,,,,,,,,,,,,
Adrian Blake,Watford,eng_ENG,FW,16,0,0,,,,,,,,,,,,,,,,,,,,,,,
Shaqai Forde,Watford,eng_ENG,FW,17,0,0,,,,,,,,,,,,,,,,,,,,,,,
Jack Grieves,Watford,eng_ENG,FW,16,0,0,,,,,,,,,,,,,,,,,,,,,,,
James Morris,Watford,eng_ENG,DF,19,0,0,,,,,,,,,,,,,,,,,,,,,,,
Declan Rice,West Ham United,eng_ENG,MF,22,36,35,3179.00,35.3,1,4,1,0,0,8,0,0.03,0.11,0.14,0.03,0.14,1.1,1.1,2,3,0.03,0.06,0.09,0.03,0.09
Jarrod Bowen,West Ham United,eng_ENG,FW,24,36,34,2983.00,33.1,12,10,12,0,0,6,0,0.36,0.3,0.66,0.36,0.66,11.1,11.1,5.7,16.8,0.34,0.17,0.51,0.34,0.51
Aaron Cresswell,West Ham United,eng_ENG,DF,31,31,31,2726.00,30.3,2,3,2,0,0,3,0,0.07,0.1,0.17,0.07,0.17,1.1,1.1,3.2,4.3,0.04,0.11,0.14,0.04,0.14
Craig Dawson,West Ham United,eng_ENG,DF,31,34,30,2754.00,30.6,2,2,2,0,0,5,1,0.07,0.07,0.13,0.07,0.13,2.9,2.9,0.5,3.3,0.09,0.01,0.11,0.09,0.11
Ben Johnson,West Ham United,eng_ENG,DF,21,20,16,1397.00,15.5,1,0,1,0,0,1,0,0.06,0,0.06,0.06,0.06,0.1,0.1,0.8,0.9,0.01,0.05,0.06,0.01,0.06
Mark Noble,West Ham United,eng_ENG,MF,34,11,3,332.00,3.7,1,0,0,1,2,0,0,0.27,0,0.27,0,0,1.5,0,0.2,0.2,0.41,0.06,0.47,0,0.06
Ryan Fredericks,West Ham United,eng_ENG,DF,28,7,3,307.00,3.4,0,0,0,0,0,1,0,0,0,0,0,0,0,0,0.1,0.1,0,0.03,0.03,0,0.03
Sonny Perkins,West Ham United,eng_ENG,FW,17,1,0,4.00,0,0,0,0,0,0,0,0,0,0,0,0,0,0,0,0,0,0,0,0,0,0
Daniel Chesters,West Ham United,eng_ENG,MF,19,1,0,1.00,0,0,0,0,0,0,0,0,0,0,0,0,0,0,0,0,0,0,0,0,0,0
Ajibola Alese,West Ham United,eng_ENG,DF,21,0,0,,,,,,,,,,,,,,,,,,,,,,,
Jamal Baptiste,West Ham United,eng_ENG,DF,17,0,0,,,,,,,,,,,,,,,,,,,,,,,
Conor Coady,Wolverhampton Wanderers,eng_ENG,DF,28,38,38,3361.00,37.3,4,0,4,0,0,4,0,0.11,0,0.11,0.11,0.11,2,2,0,2,0.05,0,0.05,0.05,0.05
Max Kilman,Wolverhampton Wanderers,eng_ENG,DF,24,30,30,2687.00,29.9,1,0,1,0,0,3,0,0.03,0,0.03,0.03,0.03,1,1,0,1,0.03,0,0.03,0.03,0.03
Luke Cundle,Wolverhampton Wanderers,eng_ENG,MF,19,4,2,180.00,2,0,0,0,0,0,0,0,0,0,0,0,0,0,0,0.2,0.2,0,0.12,0.12,0,0.12
John Ruddy,Wolverhampton Wanderers,eng_ENG,GK,34,2,1,135.00,1.5,0,0,0,0,0,0,0,0,0,0,0,0,0,0,0,0,0,0,0,0,0
Morgan Gibbs-White,Wolverhampton Wanderers,eng_ENG,"FW,MF",21,2,0,9.00,0.1,0,0,0,0,0,1,0,0,0,0,0,0,0.1,0.1,0,0.1,1.22,0,1.22,1.22,1.22
Ryan John Giles,Wolverhampton Wanderers,eng_ENG,MF,21,0,0,,,,,,,,,,,,,,,,,,,,,,,
Louie Moulden,Wolverhampton Wanderers,eng_ENG,GK,19,0,0,,,,,,,,,,,,,,,,,,,,,,,
Dion Sanderson,Wolverhampton Wanderers,eng_ENG,DF,21,0,0,,,,,,,,,,,,,,,,,,,,,,,
Bukayo Saka,Arsenal,eng_ENG,"FW,MF",19,38,36,2978.00,33.1,11,7,9,2,2,6,0,0.33,0.21,0.54,0.27,0.48,9.7,8.2,6.9,15.2,0.29,0.21,0.5,0.25,0.46
Pablo Marí,Arsenal,es_ESP,DF,27,2,2,180.00,2,0,0,0,0,0,1,0,0,0,0,0,0,0.3,0.3,0.1,0.4,0.15,0.05,0.21,0.15,0.21
Héctor Bellerín,Arsenal,es_ESP,"DF,MF",26,0,0,,,,,,,,,,,,,,,,,,,,,,,
Sergi Canós,Brentford,es_ESP,DF,24,31,25,2083.00,23.1,3,2,3,0,0,8,1,0.13,0.09,0.22,0.13,0.22,3,3,1.9,4.9,0.13,0.08,0.21,0.13,0.21
David Raya,Brentford,es_ESP,GK,25,24,24,2160.00,24,0,0,0,0,0,1,0,0,0,0,0,0,0,0,0,0,0,0,0,0,0
Álvaro Fernández,Brentford,es_ESP,GK,23,12,12,1080.00,12,0,0,0,0,0,0,0,0,0,0,0,0,0,0,0,0,0,0,0,0,0
Robert Sánchez,Brighton & Hove Albion,es_ESP,GK,23,37,37,3329.00,37,0,0,0,0,0,3,1,0,0,0,0,0,0,0,0.4,0.4,0,0.01,0.01,0,0.01
Marc Cucurella,Brighton & Hove Albion,es_ESP,DF,23,35,35,3089.00,34.3,1,1,1,0,0,6,0,0.03,0.03,0.06,0.03,0.06,0.7,0.7,2.7,3.4,0.02,0.08,0.1,0.02,0.1
Marcos Alonso,Chelsea,es_ESP,DF,30,28,25,2167.00,24.1,4,4,4,0,0,8,0,0.17,0.17,0.33,0.17,0.33,3.3,3.3,4.6,7.9,0.14,0.19,0.33,0.14,0.33
César Azpilicueta,Chelsea,es_ESP,DF,31,27,24,2070.00,23,1,2,1,0,0,3,0,0.04,0.09,0.13,0.04,0.13,1.2,1.2,2.1,3.3,0.05,0.09,0.14,0.05,0.14
Saúl Ñíguez,Chelsea,es_ESP,"MF,DF",26,10,5,480.00,5.3,0,0,0,0,0,1,0,0,0,0,0,0,0.2,0.2,0.3,0.5,0.04,0.06,0.1,0.04,0.1
Kepa Arrizabalaga,Chelsea,es_ESP,GK,26,4,4,360.00,4,0,0,0,0,0,0,0,0,0,0,0,0,0,0,0,0,0,0,0,0,0
Vicente Guaita,Crystal Palace,es_ESP,GK,34,30,30,2655.00,29.5,0,0,0,0,0,2,0,0,0,0,0,0,0,0,0,0,0,0,0,0,0
Diego Llorente,Leeds United,es_ESP,DF,27,28,28,2340.00,26,3,0,3,0,0,7,0,0.12,0,0.12,0.12,0.12,1.4,1.4,0.1,1.4,0.05,0,0.05,0.05,0.05
Rodrigo,Leeds United,es_ESP,"MF,FW",30,31,27,2265.00,25.2,6,1,5,1,1,9,0,0.24,0.04,0.28,0.2,0.24,4.9,4.1,4.6,8.8,0.19,0.18,0.38,0.16,0.35
Junior Firpo,Leeds United,es_ESP,DF,24,24,19,1711.00,19,0,2,0,0,0,11,0,0,0.11,0.11,0,0.11,0.9,0.9,2.6,3.5,0.05,0.13,0.18,0.05,0.18
Ayoze Pérez,Leicester City,es_ESP,"MF,FW",28,14,6,445.00,4.9,2,3,2,0,0,0,1,0.4,0.61,1.01,0.4,1.01,1.5,1.5,0.9,2.4,0.31,0.18,0.49,0.31,0.49
Thiago Alcántara,Liverpool,es_ESP,MF,30,25,17,1534.00,17,1,4,1,0,0,2,0,0.06,0.23,0.29,0.06,0.29,1.8,1.8,2.3,4.2,0.11,0.14,0.25,0.11,0.25
Adrián,Liverpool,es_ESP,GK,34,0,0,,,,,,,,,,,,,,,,,,,,,,,
Rodri,Manchester City,es_ESP,MF,25,33,33,2884.00,32,7,2,7,0,0,5,0,0.22,0.06,0.28,0.22,0.28,2.7,2.7,1.4,4.1,0.08,0.04,0.13,0.08,0.13
Aymeric Laporte,Manchester City,es_ESP,DF,27,33,33,2828.00,31.4,4,0,4,0,0,5,1,0.13,0,0.13,0.13,0.13,4.4,4.4,0.5,4.9,0.14,0.02,0.16,0.14,0.16
Ferrán Torres,Manchester City,es_ESP,FW,21,4,4,303.00,3.4,2,1,2,0,0,0,0,0.59,0.3,0.89,0.59,0.89,2.5,2.5,0,2.5,0.74,0.01,0.75,0.74,0.75
David de Gea,Manchester United,es_ESP,GK,30,38,38,3420.00,38,0,0,0,0,0,0,0,0,0,0,0,0,0,0,0,0,0,0,0,0,0
Juan Mata,Manchester United,es_ESP,MF,33,7,2,235.00,2.6,0,0,0,0,0,0,0,0,0,0,0,0,0.3,0.3,0.2,0.5,0.11,0.06,0.17,0.11,0.17
Alejandro Garnacho,Manchester United,es_ESP,FW,17,2,0,13.00,0.1,0,0,0,0,0,0,0,0,0,0,0,0,0,0,0,0,0,0,0,0,0
Álvaro Fernández,Manchester United,es_ESP,DF,18,0,0,,,,,,,,,,,,,,,,,,,,,,,
Javier Manquillo,Newcastle United,es_ESP,DF,27,19,15,1257.00,14,1,2,1,0,0,5,0,0.07,0.14,0.21,0.07,0.21,0.5,0.5,0.3,0.8,0.03,0.02,0.06,0.03,0.06
Oriol Romeu,Southampton,es_ESP,MF,29,36,34,2889.00,32.1,2,2,2,0,0,9,0,0.06,0.06,0.12,0.06,0.12,1.3,1.3,2.8,4.1,0.04,0.09,0.13,0.04,0.13
Sergio Reguilón,Tottenham Hotspur,es_ESP,DF,24,25,22,1916.00,21.3,2,3,2,0,0,4,0,0.09,0.14,0.23,0.09,0.23,3,3,4,7,0.14,0.19,0.33,0.14,0.33
Bryan,Tottenham Hotspur,es_ESP,"FW,MF",20,9,0,94.00,1,0,0,0,0,0,0,0,0,0,0,0,0,0,0,0.1,0.1,0.03,0.07,0.1,0.03,0.1
Kiko Femenía,Watford,es_ESP,DF,30,27,26,2142.00,23.8,0,5,0,0,0,2,0,0,0.21,0.21,0,0.21,0.1,0.1,3.2,3.3,0,0.14,0.14,0,0.14
Pablo Fornals,West Ham United,es_ESP,"FW,MF",25,36,32,2795.00,31.1,6,3,6,0,0,4,0,0.19,0.1,0.29,0.19,0.29,5,5,5.6,10.6,0.16,0.18,0.34,0.16,0.34
Adama Traoré,Wolverhampton Wanderers,es_ESP,FW,25,20,10,1067.00,11.9,1,0,1,0,0,0,0,0.08,0,0.08,0.08,0.08,2.4,2.4,1.7,4.1,0.2,0.15,0.35,0.2,0.35
Jonny Castro,Wolverhampton Wanderers,es_ESP,DF,27,13,10,1024.00,11.4,2,0,2,0,0,1,0,0.18,0,0.18,0.18,0.18,0.8,0.8,1.2,2,0.07,0.1,0.17,0.07,0.17
Hugo Bueno,Wolverhampton Wanderers,es_ESP,DF,18,0,0,,,,,,,,,,,,,,,,,,,,,,,
Viljami Sinisalo,Aston Villa,fi_FIN,GK,19,0,0,,,,,,,,,,,,,,,,,,,,,,,
Marcus Forss,Brentford,fi_FIN,"FW,MF",22,7,1,209.00,2.3,0,1,0,0,0,0,0,0,0.43,0.43,0,0.43,0.2,0.2,0,0.2,0.1,0,0.1,0.1,0.1
Teemu Pukki,Norwich City,fi_FIN,FW,31,37,37,3253.00,36.1,11,3,8,3,3,4,0,0.3,0.08,0.39,0.22,0.3,11.5,9.2,2.8,12,0.32,0.08,0.4,0.26,0.33
Alexandre Lacazette,Arsenal,fr_FRA,"FW,MF",30,30,20,1782.00,19.8,4,7,2,2,3,0,0,0.2,0.35,0.56,0.1,0.45,7.9,5.6,1.9,7.6,0.4,0.1,0.5,0.28,0.38
Lucas Digne,Aston Villa,fr_FRA,DF,28,16,16,1269.00,14.1,0,4,0,0,0,2,0,0,0.28,0.28,0,0.28,0.6,0.6,2,2.6,0.04,0.14,0.18,0.04,0.18
Morgan Sanson,Aston Villa,fr_FRA,MF,26,10,3,356.00,4,0,0,0,0,0,0,0,0,0,0,0,0,0,0,0,0,0,0,0.01,0,0.01
Frederic Guilbert,Aston Villa,fr_FRA,"DF,MF",26,0,0,,,,,,,,,,,,,,,,,,,,,,,
Bryan Mbeumo,Brentford,fr_FRA,FW,21,35,34,2905.00,32.3,4,7,3,1,1,4,0,0.12,0.22,0.34,0.09,0.31,9.7,9,3.6,12.5,0.3,0.11,0.41,0.28,0.39
Neal Maupay,Brighton & Hove Albion,fr_FRA,FW,24,32,25,2276.00,25.3,8,2,7,1,2,7,0,0.32,0.08,0.4,0.28,0.36,7.7,6.2,2.2,8.4,0.3,0.09,0.39,0.24,0.33
Anthony Gomez Mancini,Burnley,fr_FRA,MF,20,0,0,,,,,,,,,,,,,,,,,,,,,,,
N'Golo Kanté,Chelsea,fr_FRA,MF,30,26,21,1773.00,19.7,2,4,2,0,0,2,0,0.1,0.2,0.3,0.1,0.3,1.8,1.8,2.3,4.2,0.09,0.12,0.21,0.09,0.21
Malang Sarr,Chelsea,fr_FRA,DF,22,8,6,546.00,6.1,0,0,0,0,0,2,0,0,0,0,0,0,0,0,0.4,0.4,0.01,0.06,0.07,0.01,0.07
Kurt Zouma,Chelsea,fr_FRA,DF,26,0,0,,,,,,,,,,,,,,,,,,,,,,,
Odsonne Édouard,Crystal Palace,fr_FRA,FW,23,28,18,1564.00,17.4,6,3,5,1,1,4,0,0.35,0.17,0.52,0.29,0.46,6.9,6.1,2.3,8.4,0.39,0.13,0.53,0.35,0.48
Jean-Philippe Mateta,Crystal Palace,fr_FRA,FW,24,22,13,1145.00,12.7,5,1,5,0,0,2,0,0.39,0.08,0.47,0.39,0.47,5.5,5.5,1.3,6.8,0.43,0.11,0.54,0.43,0.54
Michael Olise,Crystal Palace,fr_FRA,"FW,MF",19,26,12,1141.00,12.7,2,5,2,0,0,4,0,0.16,0.39,0.55,0.16,0.55,1.4,1.4,3.4,4.8,0.11,0.27,0.38,0.11,0.38
Lucas Digne,Everton,fr_FRA,DF,28,13,13,1170.00,13,0,0,0,0,0,4,0,0,0,0,0,0,0.4,0.4,1.7,2.1,0.03,0.13,0.16,0.03,0.16
Niels Nkounkou,Everton,fr_FRA,DF,20,0,0,,,,,,,,,,,,,,,,,,,,,,,
Illan Meslier,Leeds United,fr_FRA,GK,21,38,38,3384.00,37.6,0,0,0,0,0,2,0,0,0,0,0,0,0,0,0,0,0,0,0,0,0
Boubakary Soumaré,Leicester City,fr_FRA,MF,22,19,12,1102.00,12.2,0,1,0,0,0,0,0,0,0.08,0.08,0,0.08,0.4,0.4,0.4,0.8,0.03,0.03,0.06,0.03,0.06
Wesley Fofana,Leicester City,fr_FRA,DF,20,7,7,630.00,7,0,0,0,0,0,2,0,0,0,0,0,0,0.2,0.2,0,0.3,0.03,0,0.04,0.03,0.04
Ibrahima Konaté,Liverpool,fr_FRA,DF,22,11,11,990.00,11,0,0,0,0,0,2,0,0,0,0,0,0,0.3,0.3,0.1,0.4,0.02,0.01,0.03,0.02,0.03
Benjamin Mendy,Manchester City,fr_FRA,DF,27,1,1,78.00,0.9,0,0,0,0,0,0,0,0,0,0,0,0,0,0,0.3,0.3,0,0.3,0.3,0,0.3
Raphaël Varane,Manchester United,fr_FRA,DF,28,22,20,1831.00,20.3,1,1,1,0,0,0,0,0.05,0.05,0.1,0.05,0.1,0.8,0.8,0.2,1,0.04,0.01,0.05,0.04,0.05
Paul Pogba,Manchester United,fr_FRA,"MF,FW",28,20,16,1349.00,15,1,9,1,0,0,7,1,0.07,0.6,0.67,0.07,0.67,2.4,2.4,3.5,6,0.16,0.24,0.4,0.16,0.4
Anthony Martial,Manchester United,fr_FRA,FW,25,8,2,212.00,2.4,1,0,1,0,0,0,0,0.42,0,0.42,0.42,0.42,0.4,0.4,0.1,0.6,0.19,0.06,0.25,0.19,0.25
Allan Saint-Maximin,Newcastle United,fr_FRA,"FW,MF",24,35,31,2804.00,31.2,5,5,5,0,0,6,0,0.16,0.16,0.32,0.16,0.32,5.1,5.1,5.8,10.9,0.16,0.19,0.35,0.16,0.35
Pierre Lees-Melou,Norwich City,fr_FRA,MF,28,33,27,2265.00,25.2,1,0,1,0,0,5,0,0.04,0,0.04,0.04,0.04,1.6,1.6,1.8,3.4,0.06,0.07,0.14,0.06,0.14
Romain Perraud,Southampton,fr_FRA,DF,23,20,18,1623.00,18,0,1,0,0,0,3,0,0,0.06,0.06,0,0.06,0.9,0.9,0.6,1.5,0.05,0.03,0.08,0.05,0.08
Ibrahima Diallo,Southampton,fr_FRA,MF,22,23,10,1023.00,11.4,0,2,0,0,0,1,0,0,0.18,0.18,0,0.18,0.5,0.5,1,1.4,0.04,0.09,0.13,0.04,0.13
Yan Valery,Southampton,fr_FRA,DF,22,5,3,370.00,4.1,0,0,0,0,0,0,0,0,0,0,0,0,0,0,0.1,0.1,0.01,0.02,0.03,0.01,0.03
Hugo Lloris,Tottenham Hotspur,fr_FRA,GK,34,38,38,3420.00,38,0,0,0,0,0,2,0,0,0,0,0,0,0,0,0.5,0.5,0,0.01,0.01,0,0.01
Tanguy Ndombele,Tottenham Hotspur,fr_FRA,MF,24,9,6,484.00,5.4,1,1,1,0,0,1,0,0.19,0.19,0.37,0.19,0.37,0.5,0.5,0.4,0.9,0.09,0.07,0.16,0.09,0.16
Moussa Sissoko,Tottenham Hotspur,fr_FRA,MF,31,0,0,,,,,,,,,,,,,,,,,,,,,,,
Moussa Sissoko,Watford,fr_FRA,MF,31,36,36,3220.00,35.8,2,1,2,0,0,5,0,0.06,0.03,0.08,0.06,0.08,3.4,3.4,2.8,6.2,0.1,0.08,0.17,0.1,0.17
Kurt Zouma,West Ham United,fr_FRA,DF,26,24,24,2078.00,23.1,1,0,1,0,0,1,0,0.04,0,0.04,0.04,0.04,0.9,0.9,0,0.9,0.04,0,0.04,0.04,0.04
Issa Diop,West Ham United,fr_FRA,DF,24,13,10,963.00,10.7,0,1,0,0,0,0,0,0,0.09,0.09,0,0.09,0.1,0.1,0.1,0.3,0.01,0.01,0.02,0.01,0.02
Alphonse Areola,West Ham United,fr_FRA,GK,28,1,1,90.00,1,0,0,0,0,0,0,0,0,0,0,0,0,0,0,0,0,0,0,0,0,0
Pierre Ekwah Elimby,West Ham United,fr_FRA,MF,19,0,0,,,,,,,,,,,,,,,,,,,,,,,
Rayan Aït Nouri,Wolverhampton Wanderers,fr_FRA,DF,20,23,20,1828.00,20.3,1,2,1,0,0,4,0,0.05,0.1,0.15,0.05,0.15,0.7,0.7,1.3,2.1,0.04,0.07,0.1,0.04,0.1
Pierre-Emerick Aubameyang,Arsenal,ga_GAB,FW,32,14,12,1037.00,11.5,4,1,4,0,2,3,0,0.35,0.09,0.43,0.35,0.43,5.8,4.1,0.8,5,0.5,0.07,0.57,0.36,0.43
Shandon Baptiste,Brentford,gd_GRN,MF,23,22,9,910.00,10.1,1,1,1,0,0,2,1,0.1,0.1,0.2,0.1,0.2,0.7,0.7,0.5,1.2,0.07,0.05,0.12,0.07,0.12
Thomas Partey,Arsenal,gh_GHA,MF,28,24,23,2028.00,22.5,2,1,2,0,0,6,0,0.09,0.04,0.13,0.09,0.13,2.5,2.5,1.3,3.8,0.11,0.06,0.17,0.11,0.17
Tariqe Fosu,Brentford,gh_GHA,DF,25,1,0,17.00,0.2,0,0,0,0,0,0,0,0,0,0,0,0,0,0,0,0,0.16,0,0.16,0.16,0.16
Jordan Ayew,Crystal Palace,gh_GHA,FW,29,31,23,2019.00,22.4,3,3,3,0,0,2,0,0.13,0.13,0.27,0.13,0.27,3.7,3.7,2.3,6.1,0.17,0.1,0.27,0.17,0.27
Jeffrey Schlupp,Crystal Palace,gh_GHA,"MF,FW",28,32,20,1851.00,20.6,4,1,4,0,0,1,0,0.19,0.05,0.24,0.19,0.24,3.1,3.1,1.8,4.9,0.15,0.09,0.24,0.15,0.24
Daniel Amartey,Leicester City,gh_GHA,DF,26,28,23,2123.00,23.6,0,0,0,0,0,4,0,0,0,0,0,0,0,0,0.2,0.2,0,0.01,0.01,0,0.01
Mohammed Salisu,Southampton,gh_GHA,DF,22,34,33,2972.00,33,0,0,0,0,0,10,1,0,0,0,0,0,1.8,1.8,0.5,2.3,0.06,0.02,0.07,0.06,0.07
Julian Jeanvier,Brentford,gn_GUI,DF,29,0,0,,,,,,,,,,,,,,,,,,,,,,,
Naby Keïta,Liverpool,gn_GUI,MF,26,23,14,1173.00,13,3,1,3,0,0,3,0,0.23,0.08,0.31,0.23,0.31,2.3,2.3,1.6,3.9,0.18,0.12,0.3,0.18,0.3
Kostas Tsimikas,Liverpool,gr_GRE,DF,25,13,9,877.00,9.7,0,2,0,0,0,3,0,0,0.21,0.21,0,0.21,0.5,0.5,2.6,3.1,0.06,0.26,0.32,0.06,0.32
Dimitris Giannoulis,Norwich City,gr_GRE,DF,25,18,14,1169.00,13,0,1,0,0,0,2,0,0,0.08,0.08,0,0.08,0.2,0.2,0.5,0.6,0.01,0.04,0.05,0.01,0.05
Christos Tzolis,Norwich City,gr_GRE,"FW,MF",19,14,3,336.00,3.7,0,0,0,0,0,0,0,0,0,0,0,0,0.5,0.5,1,1.4,0.13,0.26,0.38,0.13,0.38
Mateo Kova?i?,Chelsea,hr_CRO,MF,27,25,16,1558.00,17.3,2,5,2,0,0,4,0,0.12,0.29,0.4,0.12,0.4,1.8,1.8,3.6,5.5,0.11,0.21,0.32,0.11,0.32
Nikola Vlaši?,West Ham United,hr_CRO,"FW,MF",23,19,6,560.00,6.2,1,0,1,0,0,0,0,0.16,0,0.16,0.16,0.16,1,1,0.4,1.4,0.16,0.07,0.23,0.16,0.23
Mazeed Ogungbo,Arsenal,ie_IRL,DF,18,0,0,,,,,,,,,,,,,,,,,,,,,,,
Conor Hourihane,Aston Villa,ie_IRL,MF,30,0,0,,,,,,,,,,,,,,,,,,,,,,,
Shane Duffy,Brighton & Hove Albion,ie_IRL,DF,29,18,15,1436.00,16,1,0,1,0,0,7,0,0.06,0,0.06,0.06,0.06,1.3,1.3,0.1,1.5,0.08,0.01,0.09,0.08,0.09
Aaron Connolly,Brighton & Hove Albion,ie_IRL,FW,21,4,1,156.00,1.7,0,0,0,0,0,0,0,0,0,0,0,0,0.5,0.5,0.4,0.8,0.26,0.2,0.47,0.26,0.47
Evan Ferguson,Brighton & Hove Albion,ie_IRL,MF,16,1,0,23.00,0.3,0,0,0,0,0,0,0,0,0,0,0,0,0,0,0,0,0,0,0,0,0
Nathan Collins,Burnley,ie_IRL,DF,20,19,18,1670.00,18.6,2,0,2,0,0,2,1,0.11,0,0.11,0.11,0.11,1.6,1.6,0.9,2.5,0.08,0.05,0.14,0.08,0.14
Kevin Long,Burnley,ie_IRL,DF,30,6,4,410.00,4.6,0,0,0,0,0,1,0,0,0,0,0,0,0.2,0.2,0,0.2,0.03,0,0.03,0.03,0.03
Dara Costelloe,Burnley,ie_IRL,DF,18,0,0,,,,,,,,,,,,,,,,,,,,,,,
Omotayo Adaramola,Crystal Palace,ie_IRL,DF,17,0,0,,,,,,,,,,,,,,,,,,,,,,,
Séamus Coleman,Everton,ie_IRL,DF,32,30,30,2656.00,29.5,1,0,1,0,0,4,0,0.03,0,0.03,0.03,0.03,1,1,1.1,2.1,0.03,0.04,0.07,0.03,0.07
Andy Lonergan,Everton,ie_IRL,GK,37,0,0,,,,,,,,,,,,,,,,,,,,,,,
Caoimhín Kelleher,Liverpool,ie_IRL,GK,22,2,2,180.00,2,0,0,0,0,0,0,0,0,0,0,0,0,0,0,0,0,0,0,0,0,0
Ciaran Clark,Newcastle United,ie_IRL,DF,31,13,12,1014.00,11.3,0,1,0,0,0,2,1,0,0.09,0.09,0,0.09,0.8,0.8,0.3,1.1,0.07,0.03,0.1,0.07,0.1
Jeff Hendrick,Newcastle United,ie_IRL,MF,29,3,0,72.00,0.8,1,0,1,0,0,0,0,1.25,0,1.25,1.25,1.25,0,0,0,0.1,0.04,0.06,0.1,0.04,0.1
Adam Idah,Norwich City,ie_IRL,"FW,MF",20,17,6,625.00,6.9,1,1,1,0,0,0,0,0.14,0.14,0.29,0.14,0.29,2,2,0.6,2.6,0.28,0.09,0.37,0.28,0.37
Andrew Omobamidele,Norwich City,ie_IRL,DF,19,5,4,382.00,4.2,1,0,1,0,0,1,0,0.24,0,0.24,0.24,0.24,0.3,0.3,0,0.3,0.08,0,0.08,0.08,0.08
Shane Long,Southampton,ie_IRL,FW,34,13,3,308.00,3.4,1,0,1,0,0,1,0,0.29,0,0.29,0.29,0.29,1,1,0.1,1.1,0.29,0.03,0.32,0.29,0.32
William Smallbone,Southampton,ie_IRL,"MF,FW",21,4,2,133.00,1.5,0,0,0,0,0,0,0,0,0,0,0,0,0.1,0.1,0.1,0.2,0.05,0.06,0.12,0.05,0.12
Matt Doherty,Tottenham Hotspur,ie_IRL,DF,29,15,9,875.00,9.7,2,4,2,0,0,0,0,0.21,0.41,0.62,0.21,0.62,2.5,2.5,1.8,4.3,0.26,0.18,0.44,0.26,0.44
Jamie Bowden,Tottenham Hotspur,ie_IRL,MF,20,0,0,,,,,,,,,,,,,,,,,,,,,,,
Rob Elliot,Watford,ie_IRL,GK,35,0,0,,,,,,,,,,,,,,,,,,,,,,,
Conor Coventry,West Ham United,ie_IRL,MF,21,0,0,,,,,,,,,,,,,,,,,,,,,,,
Armstrong Okoflex,West Ham United,ie_IRL,MF,19,0,0,,,,,,,,,,,,,,,,,,,,,,,
Darren Randolph,West Ham United,ie_IRL,GK,34,0,0,,,,,,,,,,,,,,,,,,,,,,,
Saman Ghoddos,Brentford,ir_IRN,"DF,MF",27,17,4,536.00,6,1,1,1,0,0,2,0,0.17,0.17,0.34,0.17,0.34,0.6,0.6,1.2,1.9,0.11,0.21,0.32,0.11,0.32
Patrik Gunnarsson,Brentford,is_ISL,GK,20,0,0,,,,,,,,,,,,,,,,,,,,,,,
Jóhann Berg Guðmundsson,Burnley,is_ISL,MF,30,18,13,1102.00,12.2,0,1,0,0,0,2,0,0,0.08,0.08,0,0.08,1.7,1.7,0.3,2,0.14,0.03,0.16,0.14,0.16
Jorginho,Chelsea,it_ITA,MF,29,29,26,2273.00,25.3,6,2,0,6,7,5,0,0.24,0.08,0.32,0,0.08,5.7,0.4,2.8,3.2,0.23,0.11,0.34,0.02,0.13
Emerson Palmieri,Chelsea,it_ITA,DF,26,1,0,5.00,0.1,0,0,0,0,0,0,0,0,0,0,0,0,0,0,0,0,0,0,0,0,0
Moise Kean,Everton,it_ITA,FW,21,1,0,1.00,0,0,0,0,0,0,0,0,0,0,0,0,0,0,0,0,0,0,0,0,0,0
Pierluigi Gollini,Tottenham Hotspur,it_ITA,GK,26,0,0,,,,,,,,,,,,,,,,,,,,,,,
Angelo Ogbonna,West Ham United,it_ITA,DF,33,11,11,921.00,10.2,1,0,1,0,0,1,0,0.1,0,0.1,0.1,0.1,0.3,0.3,0,0.3,0.03,0,0.03,0.03,0.03
Leon Bailey,Aston Villa,jm_JAM,"FW,MF",23,18,7,761.00,8.5,1,2,1,0,0,3,0,0.12,0.24,0.35,0.12,0.35,1.6,1.6,0.6,2.2,0.19,0.07,0.26,0.19,0.26
Ethan Pinnock,Brentford,jm_JAM,DF,28,32,32,2694.00,29.9,1,1,1,0,0,1,0,0.03,0.03,0.07,0.03,0.07,1.5,1.5,1.2,2.8,0.05,0.04,0.09,0.05,0.09
Michail Antonio,West Ham United,jm_JAM,FW,31,36,34,2971.00,33,10,8,10,0,1,8,1,0.3,0.24,0.55,0.3,0.55,11.1,10.8,6.6,17.5,0.34,0.2,0.54,0.33,0.53
Takehiro Tomiyasu,Arsenal,jp_JPN,DF,22,21,20,1679.00,18.7,0,1,0,0,0,2,0,0,0.05,0.05,0,0.05,0.8,0.8,0.6,1.4,0.04,0.03,0.08,0.04,0.08
Takumi Minamino,Liverpool,jp_JPN,"FW,MF",26,11,1,186.00,2.1,3,0,3,0,0,1,0,1.45,0,1.45,1.45,1.45,1.8,1.8,0.5,2.3,0.88,0.25,1.13,0.88,1.13
Son Heung-min,Tottenham Hotspur,kr_KOR,"FW,MF",29,35,35,3006.00,33.4,23,7,23,0,0,2,0,0.69,0.21,0.9,0.69,0.9,16.4,16.4,8.1,24.5,0.49,0.24,0.73,0.49,0.73
Hwang Hee-chan,Wolverhampton Wanderers,kr_KOR,"FW,MF",25,30,20,1816.00,20.2,5,1,5,0,0,2,0,0.25,0.05,0.3,0.25,0.3,4,4,1.7,5.7,0.2,0.08,0.28,0.2,0.28
Hakim Ziyech,Chelsea,ma_MAR,"FW,MF",28,23,14,1319.00,14.7,4,3,4,0,0,3,0,0.27,0.2,0.48,0.27,0.48,3.4,3.4,3.5,6.9,0.23,0.24,0.47,0.23,0.47
Imran Louza,Watford,ma_MAR,MF,22,20,17,1416.00,15.7,0,0,0,0,0,6,0,0,0,0,0,0,1.1,1.1,1,2.1,0.07,0.07,0.14,0.07,0.14
Adam Masina,Watford,ma_MAR,DF,27,15,13,1077.00,12,0,1,0,0,0,0,0,0,0.08,0.08,0,0.08,0.4,0.4,0.7,1.1,0.03,0.06,0.09,0.03,0.09
Romain Saïss,Wolverhampton Wanderers,ma_MAR,DF,31,31,31,2705.00,30.1,2,0,2,0,0,6,0,0.07,0,0.07,0.07,0.07,2.7,2.7,0.4,3.1,0.09,0.01,0.1,0.09,0.1
Yves Bissouma,Brighton & Hove Albion,ml_MLI,MF,24,26,25,2111.00,23.5,1,2,1,0,0,10,0,0.04,0.09,0.13,0.04,0.13,0.9,0.9,0.8,1.7,0.04,0.03,0.07,0.04,0.07
Abdoulaye Doucouré,Everton,ml_MLI,MF,28,30,29,2537.00,28.2,2,4,2,0,0,6,0,0.07,0.14,0.21,0.07,0.21,2.7,2.7,2.2,4.9,0.1,0.08,0.17,0.1,0.17
Moussa Djenepo,Southampton,ml_MLI,MF,23,12,5,457.00,5.1,0,0,0,0,0,3,0,0,0,0,0,0,1.5,1.5,0.2,1.7,0.3,0.05,0.34,0.3,0.34
Marcelo Flores,Arsenal,mx_MEX,MF,17,0,0,,,,,,,,,,,,,,,,,,,,,,,
Raúl Jiménez,Wolverhampton Wanderers,mx_MEX,FW,30,34,30,2631.00,29.2,6,4,5,1,1,9,2,0.21,0.14,0.34,0.17,0.31,6.6,6.1,2.7,8.7,0.23,0.09,0.32,0.21,0.3
Frank Onyeka,Brentford,ng_NGA,MF,23,20,12,1045.00,11.6,0,0,0,0,0,4,0,0,0,0,0,0,1.1,1.1,0.2,1.3,0.1,0.02,0.11,0.1,0.11
Alex Iwobi,Everton,ng_NGA,"MF,DF",25,28,22,2035.00,22.6,2,2,2,0,0,1,0,0.09,0.09,0.18,0.09,0.18,1.7,1.7,2.8,4.5,0.07,0.13,0.2,0.07,0.2
Wilfred Ndidi,Leicester City,ng_NGA,"MF,DF",24,19,18,1618.00,18,0,0,0,0,0,4,0,0,0,0,0,0,1,1,0,1,0.06,0,0.06,0.06,0.06
Ademola Lookman,Leicester City,ng_NGA,"FW,MF",23,26,16,1453.00,16.1,6,0,6,0,0,2,0,0.37,0,0.37,0.37,0.37,5.1,5.1,1.9,6.9,0.31,0.12,0.43,0.31,0.43
Kelechi Iheanacho,Leicester City,ng_NGA,FW,24,26,13,1264.00,14,4,5,4,0,0,1,0,0.28,0.36,0.64,0.28,0.64,3.4,3.4,2.7,6.1,0.25,0.19,0.44,0.25,0.44
Emmanuel Dennis,Watford,ng_NGA,"FW,MF",23,33,30,2581.00,28.7,10,6,10,0,0,9,1,0.35,0.21,0.56,0.35,0.56,7.5,7.5,3.2,10.7,0.26,0.11,0.37,0.26,0.37
William Troost-Ekong,Watford,ng_NGA,DF,27,17,15,1390.00,15.4,0,0,0,0,0,3,0,0,0,0,0,0,0.1,0.1,0.1,0.2,0.01,0.01,0.01,0.01,0.01
Oghenekaro Etebo,Watford,ng_NGA,MF,25,9,4,401.00,4.5,0,0,0,0,0,3,0,0,0,0,0,0,0,0,0.1,0.1,0.01,0.01,0.02,0.01,0.02
Samuel Kalu,Watford,ng_NGA,FW,23,4,2,222.00,2.5,0,0,0,0,0,0,0,0,0,0,0,0,0.3,0.3,0.2,0.4,0.12,0.06,0.18,0.12,0.18
Isaac Price,Everton,nir_NIR,MF,17,1,0,14.00,0.2,0,0,0,0,0,0,0,0,0,0,0,0,0.2,0.2,0,0.2,1.03,0,1.03,1.03,1.03
Stuart Dallas,Leeds United,nir_NIR,"DF,MF",30,34,34,2919.00,32.4,1,1,1,0,0,5,0,0.03,0.03,0.06,0.03,0.06,2,2,2.4,4.3,0.06,0.07,0.13,0.06,0.13
Jonny Evans,Leicester City,nir_NIR,DF,33,18,16,1348.00,15,1,1,1,0,0,3,0,0.07,0.07,0.13,0.07,0.13,0.7,0.7,0.6,1.3,0.05,0.04,0.09,0.05,0.09
Conor Bradley,Liverpool,nir_NIR,DF,18,0,0,,,,,,,,,,,,,,,,,,,,,,,
Jamal Lewis,Newcastle United,nir_NIR,DF,23,5,4,262.00,2.9,0,0,0,0,0,1,0,0,0,0,0,0,0,0,0,0,0,0.01,0.01,0,0.01
Michael McGovern,Norwich City,nir_NIR,GK,37,0,0,,,,,,,,,,,,,,,,,,,,,,,
Craig Cathcart,Watford,nir_NIR,DF,32,31,27,2396.00,26.6,0,1,0,0,0,3,0,0,0.04,0.04,0,0.04,0.1,0.1,0.3,0.5,0,0.01,0.02,0,0.02
Salah Oulad M'Hand,Arsenal,nl_NED,MF,17,0,0,,,,,,,,,,,,,,,,,,,,,,,
Anwar El Ghazi,Aston Villa,nl_NED,"FW,MF",26,9,4,386.00,4.3,1,1,0,1,1,2,0,0.23,0.23,0.47,0,0.23,1.1,0.3,0.4,0.7,0.25,0.09,0.33,0.07,0.16
Lamare Bogarde,Aston Villa,nl_NED,MF,17,0,0,,,,,,,,,,,,,,,,,,,,,,,
Joël Veltman,Brighton & Hove Albion,nl_NED,DF,29,34,33,2874.00,31.9,1,1,1,0,0,6,0,0.03,0.03,0.06,0.03,0.06,0.9,0.9,1.1,2,0.03,0.03,0.06,0.03,0.06
Jürgen Locadia,Brighton & Hove Albion,nl_NED,FW,27,1,0,23.00,0.3,0,0,0,0,0,0,0,0,0,0,0,0,0.1,0.1,0,0.1,0.45,0,0.45,0.45,0.45
Kjell Scherpen,Brighton & Hove Albion,nl_NED,GK,21,0,0,,,,,,,,,,,,,,,,,,,,,,,
Wout Weghorst,Burnley,nl_NED,FW,28,20,17,1450.00,16.1,2,3,2,0,0,3,0,0.12,0.19,0.31,0.12,0.31,4.2,4.2,1.4,5.7,0.26,0.09,0.35,0.26,0.35
Erik Pieters,Burnley,nl_NED,DF,32,12,8,730.00,8.1,0,1,0,0,0,1,0,0,0.12,0.12,0,0.12,0.2,0.2,0.8,1,0.02,0.1,0.13,0.02,0.13
Jaïro Riedewald,Crystal Palace,nl_NED,MF,24,3,1,118.00,1.3,0,0,0,0,0,0,0,0,0,0,0,0,0,0,0.1,0.1,0,0.06,0.06,0,0.06
Donny van de Beek,Everton,nl_NED,MF,24,7,5,483.00,5.4,1,0,1,0,0,1,0,0.19,0,0.19,0.19,0.19,0.9,0.9,0.1,1,0.17,0.01,0.18,0.17,0.18
Anwar El Ghazi,Everton,nl_NED,FW,26,2,0,13.00,0.1,0,0,0,0,0,0,0,0,0,0,0,0,0,0,0,0,0,0,0,0,0
Pascal Struijk,Leeds United,nl_NED,DF,21,29,22,2055.00,22.8,1,0,1,0,0,6,1,0.04,0,0.04,0.04,0.04,1.3,1.3,0.3,1.6,0.06,0.01,0.07,0.06,0.07
Crysencio Summerville,Leeds United,nl_NED,"MF,FW",19,6,0,130.00,1.4,0,0,0,0,0,0,0,0,0,0,0,0,0.3,0.3,0.1,0.3,0.18,0.03,0.21,0.18,0.21
Virgil van Dijk,Liverpool,nl_NED,DF,30,34,34,3060.00,34,3,1,3,0,0,3,0,0.09,0.03,0.12,0.09,0.12,2.4,2.4,0.4,2.8,0.07,0.01,0.08,0.07,0.08
Nathan Aké,Manchester City,nl_NED,DF,26,14,10,923.00,10.3,2,0,2,0,0,0,0,0.2,0,0.2,0.2,0.2,1.1,1.1,0.5,1.6,0.11,0.05,0.16,0.11,0.16
Donny van de Beek,Manchester United,nl_NED,MF,24,8,0,75.00,0.8,1,0,1,0,0,0,0,1.2,0,1.2,1.2,1.2,0.7,0.7,0.5,1.2,0.88,0.58,1.46,0.88,1.46
Tim Krul,Norwich City,nl_NED,GK,33,29,29,2610.00,29,0,0,0,0,0,1,0,0,0,0,0,0,0,0,0.4,0.4,0,0.01,0.01,0,0.01
Steven Bergwijn,Tottenham Hotspur,nl_NED,"FW,MF",23,25,4,565.00,6.3,3,1,3,0,0,1,0,0.48,0.16,0.64,0.48,0.64,3.1,3.1,0.7,3.7,0.49,0.11,0.59,0.49,0.59
Ki-Jana Hoever,Wolverhampton Wanderers,nl_NED,DF,19,8,4,308.00,3.4,0,0,0,0,0,1,0,0,0,0,0,0,0,0,0,0.1,0.01,0.01,0.02,0.01,0.02
Martin Ødegaard,Arsenal,no_NOR,MF,22,36,32,2785.00,30.9,7,4,7,0,0,4,0,0.23,0.13,0.36,0.23,0.36,4.8,4.8,6.8,11.6,0.16,0.22,0.38,0.16,0.38
Kristoffer Ajer,Brentford,no_NOR,DF,23,24,23,1995.00,22.2,1,3,1,0,0,5,0,0.05,0.14,0.18,0.05,0.18,0.8,0.8,1.4,2.2,0.04,0.06,0.1,0.04,0.1
Leo Fuhr Hjelde,Leeds United,no_NOR,DF,17,2,0,150.00,1.7,0,0,0,0,0,0,0,0,0,0,0,0,0,0,0,0,0,0.02,0.02,0,0.02
Kristoffer Klaesson,Leeds United,no_NOR,GK,20,1,0,36.00,0.4,0,0,0,0,0,0,0,0,0,0,0,0,0,0,0,0,0,0,0,0,0
Mathias Normann,Norwich City,no_NOR,MF,25,23,20,1645.00,18.3,1,2,1,0,0,6,0,0.05,0.11,0.16,0.05,0.16,0.9,0.9,1.8,2.8,0.05,0.1,0.15,0.05,0.15
Mohamed Elyounoussi,Southampton,no_NOR,"MF,FW",26,30,23,2042.00,22.7,4,2,4,0,0,4,0,0.18,0.09,0.26,0.18,0.26,6,6,2.5,8.5,0.26,0.11,0.37,0.26,0.37
Joshua King,Watford,no_NOR,FW,29,32,27,2248.00,25,5,3,4,1,1,5,0,0.2,0.12,0.32,0.16,0.28,8,7.2,3.2,10.4,0.32,0.13,0.45,0.29,0.42
Chris Wood,Burnley,nz_NZL,FW,29,17,17,1367.00,15.2,3,0,3,0,0,1,0,0.2,0,0.2,0.2,0.2,4.5,4.5,0.2,4.7,0.3,0.02,0.31,0.3,0.31
Chris Wood,Newcastle United,nz_NZL,FW,29,17,15,1327.00,14.7,2,0,1,1,1,0,0,0.14,0,0.14,0.07,0.07,2.9,2.1,1,3.1,0.19,0.07,0.26,0.14,0.21
Matty Cash,Aston Villa,pl_POL,DF,23,38,38,3377.00,37.5,4,3,4,0,0,8,0,0.11,0.08,0.19,0.11,0.19,2.4,2.4,1.9,4.4,0.07,0.05,0.12,0.07,0.12
Jakub Moder,Brighton & Hove Albion,pl_POL,"MF,FW",22,28,19,1701.00,18.9,0,3,0,0,0,1,0,0,0.16,0.16,0,0.16,2.4,2.4,1.7,4.1,0.13,0.09,0.22,0.13,0.22
Micha? Karbownik,Brighton & Hove Albion,pl_POL,DF,20,0,0,,,,,,,,,,,,,,,,,,,,,,,
Mateusz Klich,Leeds United,pl_POL,MF,31,33,26,2073.00,23,1,2,1,0,0,5,0,0.04,0.09,0.13,0.04,0.13,2.7,2.7,2.2,4.9,0.12,0.09,0.21,0.12,0.21
Przemys?aw P?acheta,Norwich City,pl_POL,"FW,MF",23,12,6,504.00,5.6,0,0,0,0,0,1,0,0,0,0,0,0,0.5,0.5,0.7,1.3,0.1,0.13,0.23,0.1,0.23
Jan Bednarek,Southampton,pl_POL,DF,25,31,30,2629.00,29.2,4,0,4,0,0,10,0,0.14,0,0.14,0.14,0.14,2.4,2.4,0.6,3,0.08,0.02,0.1,0.08,0.1
?ukasz Fabia?ski,West Ham United,pl_POL,GK,36,37,37,3330.00,37,0,0,0,0,0,2,0,0,0,0,0,0,0,0,0,0,0,0,0,0,0
Cédric Soares,Arsenal,pt_POR,DF,29,21,16,1486.00,16.5,1,1,1,0,0,3,0,0.06,0.06,0.12,0.06,0.12,0.5,0.5,1.4,2,0.03,0.09,0.12,0.03,0.12
Nuno Tavares,Arsenal,pt_POR,DF,21,22,13,1176.00,13.1,1,1,1,0,0,2,0,0.08,0.08,0.15,0.08,0.15,1.5,1.5,1,2.5,0.11,0.08,0.19,0.11,0.19
André Gomes,Everton,pt_POR,MF,28,14,7,619.00,6.9,0,1,0,0,0,3,0,0,0.15,0.15,0,0.15,0.7,0.7,0.2,0.9,0.1,0.03,0.13,0.1,0.13
Ricardo Pereira,Leicester City,pt_POR,DF,27,14,13,991.00,11,1,3,1,0,0,3,0,0.09,0.27,0.36,0.09,0.36,0.7,0.7,1.3,2,0.06,0.12,0.18,0.06,0.18
Diogo Jota,Liverpool,pt_POR,FW,24,35,27,2364.00,26.3,15,4,15,0,0,3,0,0.57,0.15,0.72,0.57,0.72,16.1,16.1,5.5,21.6,0.61,0.21,0.82,0.61,0.82
João Cancelo,Manchester City,pt_POR,DF,27,36,36,3227.00,35.9,1,7,1,0,0,7,0,0.03,0.2,0.22,0.03,0.22,4.1,4.1,5.1,9.3,0.12,0.14,0.26,0.12,0.26
Bernardo Silva,Manchester City,pt_POR,"MF,FW",26,35,33,2857.00,31.7,8,4,8,0,0,6,0,0.25,0.13,0.38,0.25,0.38,6.8,6.8,5.2,12,0.21,0.16,0.38,0.21,0.38
Rúben Dias,Manchester City,pt_POR,DF,24,29,27,2402.00,26.7,2,4,2,0,0,5,0,0.07,0.15,0.22,0.07,0.22,2.2,2.2,2.4,4.6,0.08,0.09,0.17,0.08,0.17
Bruno Fernandes,Manchester United,pt_POR,MF,26,36,35,3111.00,34.6,10,6,10,0,2,10,0,0.29,0.17,0.46,0.29,0.46,9.7,8.2,8.4,16.6,0.28,0.24,0.53,0.24,0.48
Cristiano Ronaldo,Manchester United,pt_POR,FW,36,30,27,2456.00,27.3,18,3,15,3,3,8,0,0.66,0.11,0.77,0.55,0.66,16.5,14.2,3.1,17.3,0.61,0.11,0.72,0.52,0.64
Diogo Dalot,Manchester United,pt_POR,DF,22,24,19,1801.00,20,0,0,0,0,0,4,0,0,0,0,0,0,0.7,0.7,1,1.7,0.03,0.05,0.08,0.03,0.08
José Sá,Wolverhampton Wanderers,pt_POR,GK,28,37,37,3285.00,36.5,0,1,0,0,0,3,0,0,0.03,0.03,0,0.03,0,0,1,1,0,0.03,0.03,0,0.03
João Moutinho,Wolverhampton Wanderers,pt_POR,MF,34,35,34,2970.00,33,2,1,2,0,0,4,0,0.06,0.03,0.09,0.06,0.09,1,1,2.4,3.5,0.03,0.07,0.11,0.03,0.11
Rúben Neves,Wolverhampton Wanderers,pt_POR,MF,24,33,31,2661.00,29.6,4,2,4,0,0,9,0,0.14,0.07,0.2,0.14,0.2,1.2,1.2,2.2,3.4,0.04,0.07,0.12,0.04,0.12
Nélson Semedo,Wolverhampton Wanderers,pt_POR,DF,27,25,25,2131.00,23.7,0,1,0,0,0,1,0,0,0.04,0.04,0,0.04,1.4,1.4,1.2,2.6,0.06,0.05,0.11,0.06,0.11
Francisco Trincão,Wolverhampton Wanderers,pt_POR,"FW,MF",21,28,16,1336.00,14.8,2,1,2,0,0,0,0,0.13,0.07,0.2,0.13,0.2,3.4,3.4,1.2,4.6,0.23,0.08,0.31,0.23,0.31
Daniel Podence,Wolverhampton Wanderers,pt_POR,"FW,MF",25,26,15,1484.00,16.5,2,3,2,0,0,2,0,0.12,0.18,0.3,0.12,0.3,1.9,1.9,3.8,5.8,0.12,0.23,0.35,0.12,0.35
Fábio Silva,Wolverhampton Wanderers,pt_POR,FW,19,22,6,572.00,6.4,0,0,0,0,0,0,0,0,0,0,0,0,2.3,2.3,0.2,2.4,0.36,0.02,0.38,0.36,0.38
Pedro Neto,Wolverhampton Wanderers,pt_POR,"FW,MF",21,13,5,466.00,5.2,1,1,1,0,0,3,0,0.19,0.19,0.39,0.19,0.39,1.5,1.5,1.1,2.6,0.29,0.22,0.51,0.29,0.51
Toti Gomes,Wolverhampton Wanderers,pt_POR,DF,22,4,4,360.00,4,0,0,0,0,0,1,0,0,0,0,0,0,0.1,0.1,0,0.1,0.01,0,0.01,0.01,0.01
Chiquinho,Wolverhampton Wanderers,pt_POR,"DF,MF",21,8,1,208.00,2.3,0,3,0,0,0,0,0,0,1.3,1.3,0,1.3,0.3,0.3,0.6,0.9,0.13,0.27,0.41,0.13,0.41
Bruno Jordão,Wolverhampton Wanderers,pt_POR,MF,22,0,0,,,,,,,,,,,,,,,,,,,,,,,
Miguel Almirón,Newcastle United,py_PAR,"MF,FW",27,30,19,1716.00,19.1,1,0,1,0,0,2,0,0.05,0,0.05,0.05,0.05,2.1,2.1,0.7,2.7,0.11,0.03,0.14,0.11,0.14
Florin Andone,Brighton & Hove Albion,ro_ROU,FW,28,0,0,,,,,,,,,,,,,,,,,,,,,,,
Luka Milivojevi?,Crystal Palace,rs_SRB,MF,30,15,9,774.00,8.6,0,0,0,0,0,1,0,0,0,0,0,0,0.2,0.2,0.8,1,0.03,0.09,0.12,0.03,0.12
Nemanja Mati?,Manchester United,rs_SRB,MF,32,23,16,1382.00,15.4,0,4,0,0,0,3,0,0,0.26,0.26,0,0.26,0.2,0.2,1.8,1.9,0.01,0.12,0.13,0.01,0.13
Kieran Tierney,Arsenal,sct_SCO,DF,24,22,22,1915.00,21.3,1,3,1,0,0,0,0,0.05,0.14,0.19,0.05,0.19,0.7,0.7,1.9,2.6,0.03,0.09,0.12,0.03,0.12
John McGinn,Aston Villa,sct_SCO,MF,26,35,35,3090.00,34.3,3,4,3,0,0,8,0,0.09,0.12,0.2,0.09,0.2,1.5,1.5,4.9,6.4,0.04,0.14,0.19,0.04,0.19
Marc Leonard,Brighton & Hove Albion,sct_SCO,MF,19,0,0,,,,,,,,,,,,,,,,,,,,,,,
Phil Bardsley,Burnley,sct_SCO,DF,36,0,0,,,,,,,,,,,,,,,,,,,,,,,
James McArthur,Crystal Palace,sct_SCO,MF,33,21,15,1439.00,16,0,3,0,0,0,4,0,0,0.19,0.19,0,0.19,0.3,0.3,1,1.4,0.02,0.06,0.08,0.02,0.08
Scott Banks,Crystal Palace,sct_SCO,MF,19,0,0,,,,,,,,,,,,,,,,,,,,,,,
Nathan Patterson,Everton,sct_SCO,DF,19,0,0,,,,,,,,,,,,,,,,,,,,,,,
Liam Cooper,Leeds United,sct_SCO,DF,29,21,21,1814.00,20.2,0,1,0,0,0,5,0,0,0.05,0.05,0,0.05,0.3,0.3,0.1,0.4,0.02,0,0.02,0.02,0.02
Liam McCarron,Leeds United,sct_SCO,FW,20,1,0,10.00,0.1,0,0,0,0,0,0,0,0,0,0,0,0,0,0,0,0,0,0,0,0,0
Stuart McKinstry,Leeds United,sct_SCO,MF,18,1,0,4.00,0,0,0,0,0,0,0,0,0,0,0,0,0,0,0,0,0,0,0,0,0,0
Benjamin Nelson,Leicester City,sct_SCO,DF,17,0,0,,,,,,,,,,,,,,,,,,,,,,,
Andrew Robertson,Liverpool,sct_SCO,DF,27,29,29,2537.00,28.2,3,10,3,0,0,5,1,0.11,0.35,0.46,0.11,0.46,1.9,1.9,5.2,7,0.07,0.18,0.25,0.07,0.25
Cieran Slicker,Manchester City,sct_SCO,GK,18,0,0,,,,,,,,,,,,,,,,,,,,,,,
Scott McTominay,Manchester United,sct_SCO,MF,24,30,28,2387.00,26.5,1,1,1,0,0,9,0,0.04,0.04,0.08,0.04,0.08,1.5,1.5,1.8,3.3,0.06,0.07,0.12,0.06,0.12
Ryan Fraser,Newcastle United,sct_SCO,"FW,MF",27,27,18,1465.00,16.3,2,3,2,0,0,3,0,0.12,0.18,0.31,0.12,0.31,2.8,2.8,2.2,5.1,0.17,0.14,0.31,0.17,0.31
Matt Ritchie,Newcastle United,sct_SCO,DF,31,18,14,1337.00,14.9,0,2,0,0,0,5,0,0,0.13,0.13,0,0.13,0.4,0.4,1.6,2.1,0.03,0.11,0.14,0.03,0.14
Elliot Anderson,Newcastle United,sct_SCO,MF,18,0,0,,,,,,,,,,,,,,,,,,,,,,,
Grant Hanley,Norwich City,sct_SCO,DF,29,33,33,2897.00,32.2,1,0,1,0,0,2,0,0.03,0,0.03,0.03,0.03,1.9,1.9,0.3,2.1,0.06,0.01,0.07,0.06,0.07
Kenny McLean,Norwich City,sct_SCO,MF,29,31,29,2706.00,30.1,1,0,1,0,0,3,0,0.03,0,0.03,0.03,0.03,1.9,1.9,0.7,2.6,0.06,0.02,0.09,0.06,0.09
Billy Gilmour,Norwich City,sct_SCO,MF,20,24,21,1855.00,20.6,0,1,0,0,0,2,0,0,0.05,0.05,0,0.05,1,1,2,3,0.05,0.1,0.14,0.05,0.14
Thomas Dickson-Peters,Norwich City,sct_SCO,FW,18,0,0,,,,,,,,,,,,,,,,,,,,,,,
Jon McCracken,Norwich City,sct_SCO,GK,21,0,0,,,,,,,,,,,,,,,,,,,,,,,
Che Adams,Southampton,sct_SCO,FW,25,30,23,2039.00,22.7,7,3,7,0,0,0,0,0.31,0.13,0.44,0.31,0.44,7.1,7.1,2.6,9.7,0.31,0.12,0.43,0.31,0.43
Stuart Armstrong,Southampton,sct_SCO,MF,29,25,15,1473.00,16.4,2,0,2,0,0,1,0,0.12,0,0.12,0.12,0.12,2.8,2.8,1.4,4.1,0.17,0.08,0.25,0.17,0.25
Matthew Craig,Tottenham Hotspur,sct_SCO,MF,18,0,0,,,,,,,,,,,,,,,,,,,,,,,
Vincent Angelini,Watford,sct_SCO,GK,17,0,0,,,,,,,,,,,,,,,,,,,,,,,
Harrison Ashby,West Ham United,sct_SCO,DF,19,1,0,7.00,0.1,0,0,0,0,0,0,0,0,0,0,0,0,0,0,0,0,0,0,0,0,0
Robin Olsen,Aston Villa,se_SWE,GK,31,1,1,90.00,1,0,0,0,0,0,0,0,0,0,0,0,0,0,0,0,0,0,0,0,0,0
Pontus Jansson,Brentford,se_SWE,DF,30,37,37,3321.00,36.9,3,1,3,0,0,7,0,0.08,0.03,0.11,0.08,0.11,2.9,2.9,0.5,3.4,0.08,0.01,0.09,0.08,0.09
Victor Lindelöf,Manchester United,se_SWE,DF,27,28,26,2355.00,26.2,0,2,0,0,0,4,0,0,0.08,0.08,0,0.08,0.3,0.3,0.5,0.8,0.01,0.02,0.03,0.01,0.03
Anthony Elanga,Manchester United,se_SWE,FW,19,21,14,1214.00,13.5,2,2,2,0,0,0,0,0.15,0.15,0.3,0.15,0.3,3,3,1.8,4.8,0.22,0.14,0.35,0.22,0.35
Emil Krafth,Newcastle United,se_SWE,DF,26,20,18,1634.00,18.2,0,1,0,0,0,5,0,0,0.06,0.06,0,0.06,0.2,0.2,0.8,1,0.01,0.04,0.06,0.01,0.06
Dejan Kulusevski,Tottenham Hotspur,se_SWE,"MF,FW",21,18,14,1261.00,14,5,8,5,0,0,3,0,0.36,0.57,0.93,0.36,0.93,3.4,3.4,3.5,6.9,0.24,0.25,0.5,0.24,0.5
Ken Sema,Watford,se_SWE,"MF,FW",27,18,7,852.00,9.5,0,0,0,0,0,1,0,0,0,0,0,0,0.2,0.2,1.2,1.4,0.02,0.13,0.14,0.02,0.14
Martin Dúbravka,Newcastle United,sk_SVK,GK,32,26,26,2340.00,26,0,0,0,0,0,1,0,0,0,0,0,0,0,0,0.1,0.1,0,0,0,0,0
Juraj Kucka,Watford,sk_SVK,MF,34,26,22,1920.00,21.3,1,1,1,0,0,5,1,0.05,0.05,0.09,0.05,0.09,3.1,3.1,0.9,4.1,0.15,0.04,0.19,0.15,0.19
Kamil Conteh,Watford,sl_SLE,MF,18,0,0,,,,,,,,,,,,,,,,,,,,,,,
Edouard Mendy,Chelsea,sn_SEN,GK,29,34,34,3060.00,34,0,0,0,0,0,3,0,0,0,0,0,0,0,0,0,0,0,0,0,0,0
Cheikhou Kouyaté,Crystal Palace,sn_SEN,MF,31,27,23,1974.00,21.9,0,1,0,0,0,3,0,0,0.05,0.05,0,0.05,0.6,0.6,0.7,1.3,0.03,0.03,0.06,0.03,0.06
Nampalys Mendy,Leicester City,sn_SEN,MF,29,14,12,1032.00,11.5,0,0,0,0,0,3,0,0,0,0,0,0,0,0,0,0,0,0,0,0,0
Sadio Mané,Liverpool,sn_SEN,FW,29,34,32,2819.00,31.3,16,2,16,0,0,5,0,0.51,0.06,0.57,0.51,0.57,16.7,16.7,4.4,21.1,0.53,0.14,0.67,0.53,0.67
Ismaila Sarr,Watford,sn_SEN,"FW,MF",23,22,21,1861.00,20.7,5,2,5,0,1,2,0,0.24,0.1,0.34,0.24,0.34,4.2,3.5,2.5,6,0.2,0.12,0.33,0.17,0.29
Hannibal Mejbri,Manchester United,tn_TUN,FW,18,2,1,68.00,0.8,0,0,0,0,0,2,0,0,0,0,0,0,0.1,0.1,0,0.1,0.12,0,0.12,0.12,0.12
Halil Dervi?o?lu,Brentford,tr_TUR,FW,21,0,0,,,,,,,,,,,,,,,,,,,,,,,
Cenk Tosun,Everton,tr_TUR,FW,30,1,0,7.00,0.1,0,0,0,0,0,0,0,0,0,0,0,0,0,0,0,0,0,0,0,0,0
Ça?lar Söyüncü,Leicester City,tr_TUR,DF,25,28,28,2497.00,27.7,1,0,1,0,0,5,0,0.04,0,0.04,0.04,0.04,1.4,1.4,0.1,1.5,0.05,0,0.05,0.05,0.05
Ozan Kabak,Norwich City,tr_TUR,DF,21,11,11,922.00,10.2,0,0,0,0,0,2,0,0,0,0,0,0,0.2,0.2,0,0.2,0.02,0,0.02,0.02,0.02
Ozan Tufan,Watford,tr_TUR,MF,26,7,4,334.00,3.7,0,0,0,0,0,0,0,0,0,0,0,0,0.5,0.5,0.2,0.8,0.14,0.07,0.2,0.14,0.2
Tiago Çukur,Watford,tr_TUR,FW,18,0,0,,,,,,,,,,,,,,,,,,,,,,,
Vitaliy Mykolenko,Everton,ua_UKR,DF,22,13,12,1055.00,11.7,1,0,1,0,0,0,0,0.09,0,0.09,0.09,0.09,0.8,0.8,0.8,1.6,0.07,0.07,0.14,0.07,0.14
Oleksandr Zinchenko,Manchester City,ua_UKR,DF,24,15,10,1047.00,11.6,0,4,0,0,0,0,0,0,0.34,0.34,0,0.34,0.4,0.4,2,2.5,0.04,0.18,0.21,0.04,0.21
Andriy Yarmolenko,West Ham United,ua_UKR,FW,31,19,1,316.00,3.5,1,0,1,0,0,1,0,0.28,0,0.28,0.28,0.28,0.8,0.8,0.2,1,0.24,0.05,0.29,0.24,0.29
Christian Pulisic,Chelsea,us_USA,"MF,FW",22,22,13,1290.00,14.3,6,2,6,0,0,2,0,0.42,0.14,0.56,0.42,0.56,5.1,5.1,1.2,6.3,0.35,0.08,0.44,0.35,0.44
Zack Steffen,Manchester City,us_USA,GK,26,1,1,90.00,1,0,0,0,0,0,0,0,0,0,0,0,0,0,0,0,0,0,0,0,0,0
Josh Sargent,Norwich City,us_USA,"FW,MF",21,26,18,1572.00,17.5,2,1,2,0,0,1,0,0.11,0.06,0.17,0.11,0.17,2.7,2.7,0.7,3.5,0.16,0.04,0.2,0.16,0.2
Jonathan Tomkinson,Norwich City,us_USA,DF,19,0,0,,,,,,,,,,,,,,,,,,,,,,,
Edinson Cavani,Manchester United,uy_URU,FW,34,15,7,766.00,8.5,2,1,2,0,0,0,0,0.23,0.12,0.35,0.23,0.35,3.4,3.4,1.4,4.7,0.39,0.16,0.55,0.39,0.55
Rodrigo Bentancur,Tottenham Hotspur,uy_URU,MF,24,17,16,1361.00,15.1,0,4,0,0,0,5,0,0,0.26,0.26,0,0.26,0.9,0.9,2.3,3.2,0.06,0.15,0.21,0.06,0.21
Salomón Rondón,Everton,ve_VEN,FW,31,20,8,790.00,8.8,1,1,1,0,0,3,1,0.11,0.11,0.23,0.11,0.23,2.2,2.2,0.7,2.9,0.25,0.09,0.33,0.25,0.33
Finley Stevens,Brentford,wls_WAL,DF,18,1,0,15.00,0.2,0,0,0,0,0,0,0,0,0,0,0,0,0,0,0,0,0,0.25,0.25,0,0.25
Ed Turns,Brighton & Hove Albion,wls_WAL,DF,18,0,0,,,,,,,,,,,,,,,,,,,,,,,
Connor Roberts,Burnley,wls_WAL,DF,25,21,19,1692.00,18.8,1,1,1,0,0,2,0,0.05,0.05,0.11,0.05,0.11,0.2,0.2,1.1,1.3,0.01,0.06,0.07,0.01,0.07
Wayne Hennessey,Burnley,wls_WAL,GK,34,2,2,180.00,2,0,0,0,0,0,0,0,0,0,0,0,0,0,0,0.1,0.1,0,0.06,0.06,0,0.06
Nathan Broadhead,Everton,wls_WAL,"FW,MF",23,0,0,,,,,,,,,,,,,,,,,,,,,,,
Daniel James,Leeds United,wls_WAL,"FW,MF",23,32,29,2366.00,26.3,4,4,4,0,0,7,1,0.15,0.15,0.3,0.15,0.3,5.7,5.7,2.4,8.1,0.22,0.09,0.31,0.22,0.31
Tyler Roberts,Leeds United,wls_WAL,"MF,FW",22,23,7,987.00,11,1,1,1,0,0,5,0,0.09,0.09,0.18,0.09,0.18,2.4,2.4,1.2,3.7,0.22,0.11,0.34,0.22,0.34
Danny Ward,Leicester City,wls_WAL,GK,28,1,1,90.00,1,0,0,0,0,0,0,0,0,0,0,0,0,0,0,0,0,0,0,0,0,0
Neco Williams,Liverpool,wls_WAL,DF,20,1,0,8.00,0.1,0,1,0,0,0,0,0,0,11.25,11.25,0,11.25,0,0,0.6,0.6,0,6.5,6.5,0,6.5
Owen Beck,Liverpool,wls_WAL,DF,18,0,0,,,,,,,,,,,,,,,,,,,,,,,
Ben Woodburn,Liverpool,wls_WAL,"FW,MF",21,0,0,,,,,,,,,,,,,,,,,,,,,,,
Daniel James,Manchester United,wls_WAL,FW,23,2,2,126.00,1.4,0,0,0,0,0,0,0,0,0,0,0,0,0.2,0.2,0,0.3,0.17,0.01,0.19,0.17,0.19
Charlie Savage,Manchester United,wls_WAL,MF,18,0,0,,,,,,,,,,,,,,,,,,,,,,,
Paul Dummett,Newcastle United,wls_WAL,DF,29,3,2,198.00,2.2,0,0,0,0,0,2,0,0,0,0,0,0,0,0,0,0,0,0,0,0,0
Ben Davies,Tottenham Hotspur,wls_WAL,DF,28,29,28,2538.00,28.2,1,1,1,0,0,6,0,0.04,0.04,0.07,0.04,0.07,1.8,1.8,0.6,2.3,0.06,0.02,0.08,0.06,0.08
Joe Rodon,Tottenham Hotspur,wls_WAL,DF,23,3,0,89.00,1,0,0,0,0,0,0,0,0,0,0,0,0,0,0,0,0,0,0,0,0,0
Chem Campbell,Wolverhampton Wanderers,wls_WAL,MF,18,1,0,13.00,0.1,0,0,0,0,0,0,0,0,0,0,0,0,0,0,0,0,0,0,0,0,0
Milot Rashica,Norwich City,xk_KVX,"FW,MF",25,31,25,2229.00,24.8,1,2,1,0,0,0,0,0.04,0.08,0.12,0.04,0.12,2.7,2.7,2.6,5.3,0.11,0.1,0.21,0.11,0.21
Enock Mwepu,Brighton & Hove Albion,zm_ZAM,"MF,FW",23,18,12,996.00,11.1,2,4,2,0,0,2,0,0.18,0.36,0.54,0.18,0.54,1.9,1.9,1.4,3.2,0.17,0.12,0.29,0.17,0.29
Patson Daka,Leicester City,zm_ZAM,FW,22,23,13,1159.00,12.9,5,3,5,0,0,2,0,0.39,0.23,0.62,0.39,0.62,4.7,4.7,1.8,6.5,0.36,0.14,0.51,0.36,0.51
Marvelous Nakamba,Aston Villa,zw_ZIM,MF,27,16,10,904.00,10,0,0,0,0,0,5,0,0,0,0,0,0,0,0,0.1,0.1,0,0.01,0.01,0,0.01
Kris Moore,Leeds United,,MF,,0,0,,,,,,,,,,,,,,,,,,,,,,,
Tyler Dibling,Southampton,,MF,,0,0,,,,,,,,,,,,,,,,,,,,,,,
James Storer,Wolverhampton Wanderers,,GK,,0,0,,,,,,,,,,,,,,,,,,,,,,,
